index,date_time,mode,flight_id,hex_id,altitude,lat_plane,lng_plane,in_view,dt_tm,time,lat,lon,speed,alt,track,climb
0,20150618-133746,Updating,XXXXX,A34721,27950,34.80688,-84.91154,24.0,2015-06-18 13:37:46,2015-06-18T13:37:46.000Z,34.3793,-84.90703,0.01,226.8,66.6,0.0
1,20150618-133752,Updating,784     ,A1D4C3,36050,34.324220000000004,-85.04091,24.0,2015-06-18 13:37:52,2015-06-18T13:37:52.000Z,34.379301667,-84.90703,0.01,226.8,256.83,0.0
2,20150618-133847,Updating,XXXXX,A34721,26500,34.958859999999994,-85.11237,28.0,2015-06-18 13:38:47,2015-06-18T13:38:47.000Z,34.378901667,-84.907785,2.927,228.5,240.44,-0.1
3,20150618-133847,Updating,XXXXX,A399D4,27325,35.02758,-85.26049,28.0,2015-06-18 13:38:47,2015-06-18T13:38:47.000Z,34.378901667,-84.907785,2.927,228.5,240.44,-0.1
4,20150618-133853,Updating,XXXXX,AA7757,41000,33.78484,-83.94429000000001,28.0,2015-06-18 13:38:53,2015-06-18T13:38:53.000Z,34.378881667,-84.907828333,0.005,228.0,239.32,-0.1
5,20150618-133853,Updating,784     ,A1D4C3,36700,34.435590000000005,-85.13917,28.0,2015-06-18 13:38:53,2015-06-18T13:38:53.000Z,34.378881667,-84.907828333,0.005,228.0,239.32,-0.1
6,20150618-133912,Updating,UAL1096 ,AA7E2E,36000,34.83902,-84.9834,31.0,2015-06-18 13:39:12,2015-06-18T13:39:12.000Z,34.378631667,-84.907885,4.234,227.4,153.24,-0.1
7,20150618-133930,Updating,XXXXX,AB5F00,37000,34.140879999999996,-85.70468000000001,31.0,2015-06-18 13:39:30,2015-06-18T13:39:30.000Z,34.378015,-84.908356667,6.014,229.1,249.08,0.2
8,20150618-133952,Updating,XXXXX,A34721,25925,34.99672,-85.16281,33.0,2015-06-18 13:39:52,2015-06-18T13:39:52.000Z,34.377765,-84.909216667,2.279,232.0,249.68,0.0
9,20150618-133952,Updating,XXXXX,A399D4,27325,35.02758,-85.26049,33.0,2015-06-18 13:39:52,2015-06-18T13:39:52.000Z,34.377765,-84.909216667,2.279,232.0,249.68,0.0
10,20150618-133955,Updating,XXXXX,AA7757,41000,33.78484,-83.94429000000001,32.0,2015-06-18 13:39:55,2015-06-18T13:39:55.000Z,34.37775,-84.909275,1.5430000000000001,232.4,250.77,0.0
11,20150618-133955,Updating,784     ,A1D4C3,37050,34.52174,-85.21557,32.0,2015-06-18 13:39:55,2015-06-18T13:39:55.000Z,34.37775,-84.909275,1.5430000000000001,232.4,250.77,0.0
12,20150618-134016,Updating,UAL1096 ,AA7E2E,36000,34.7843,-85.07531999999999,32.0,2015-06-18 13:40:16,2015-06-18T13:40:16.000Z,34.377735,-84.909338333,0.0,233.1,250.38,0.0
13,20150618-134035,Updating,XXXXX,AB5F00,37000,34.140879999999996,-85.70468000000001,33.0,2015-06-18 13:40:35,2015-06-18T13:40:35.000Z,34.37765,-84.909635,4.861,233.6,250.33,0.0
14,20150618-134058,Updating,XXXXX,AA7757,41000,33.94012,-83.69951,34.0,2015-06-18 13:40:58,2015-06-18T13:40:58.000Z,34.377181667,-84.911395,8.324,236.4,254.7,-0.2
15,20150618-134058,Updating,XXXXX,A34721,25925,34.99672,-85.16281,34.0,2015-06-18 13:40:58,2015-06-18T13:40:58.000Z,34.377181667,-84.911395,8.324,236.4,254.7,-0.2
16,20150618-134058,Updating,XXXXX,A399D4,27325,35.02758,-85.26049,34.0,2015-06-18 13:40:58,2015-06-18T13:40:58.000Z,34.377181667,-84.911395,8.324,236.4,254.7,-0.2
17,20150618-134058,Updating,784     ,A1D4C3,37050,34.60707,-85.29129,34.0,2015-06-18 13:40:58,2015-06-18T13:40:58.000Z,34.377181667,-84.911395,8.324,236.4,254.7,-0.2
18,20150618-134117,Updating,UAL1096 ,AA7E2E,36000,34.738820000000004,-85.15183,35.0,2015-06-18 13:41:17,2015-06-18T13:41:17.000Z,34.377088333,-84.91187,0.005,235.2,259.93,0.0
19,20150618-134203,Updating,XXXXX,AA7757,41000,33.94012,-83.69951,35.0,2015-06-18 13:42:03,2015-06-18T13:42:03.000Z,34.375145,-84.91013,15.958,235.3,123.7,0.2
20,20150618-134203,Updating,XXXXX,A399D4,27325,35.02758,-85.26049,35.0,2015-06-18 13:42:03,2015-06-18T13:42:03.000Z,34.375145,-84.91013,15.958,235.3,123.7,0.2
21,20150618-134203,Updating,784     ,A1D4C3,37050,34.74929,-85.41801,35.0,2015-06-18 13:42:03,2015-06-18T13:42:03.000Z,34.375145,-84.91013,15.958,235.3,123.7,0.2
22,20150618-134220,Updating,UAL1096 ,AA7E2E,36000,34.6162,-85.35713,33.0,2015-06-18 13:42:20,2015-06-18T13:42:20.000Z,34.37314,-84.90775,20.567,236.4,139.46,-0.1
23,20150618-134305,Updating,XXXXX,AA7757,41000,33.94012,-83.69951,31.0,2015-06-18 13:43:05,2015-06-18T13:43:05.000Z,34.365613333,-84.900081667,25.624,240.8,139.97,-0.1
24,20150618-134305,Updating,XXXXX,A399D4,27325,35.02758,-85.26049,31.0,2015-06-18 13:43:05,2015-06-18T13:43:05.000Z,34.365613333,-84.900081667,25.624,240.8,139.97,-0.1
25,20150618-134305,Updating,784     ,A1D4C3,36325,34.84682,-85.50522,31.0,2015-06-18 13:43:05,2015-06-18T13:43:05.000Z,34.365613333,-84.900081667,25.624,240.8,139.97,-0.1
26,20150618-134326,Updating,UAL1096 ,AA7E2E,36000,34.6162,-85.35713,29.0,2015-06-18 13:43:26,2015-06-18T13:43:26.000Z,34.361695,-84.895935,28.243,234.1,132.85,0.7000000000000001
27,20150618-134409,Updating,784     ,A1D4C3,36025,34.92814,-85.57817,27.0,2015-06-18 13:44:09,2015-06-18T13:44:09.000Z,34.355068333,-84.886428333,26.211,273.6,139.06,1.0
28,20150618-134439,Updating,UAL1096 ,AA7E2E,36000,34.6162,-85.35713,22.0,2015-06-18 13:44:39,2015-06-18T13:44:39.000Z,34.349388333,-84.88049,27.718,296.0,139.15,0.6
29,20150618-134513,Updating,784     ,A1D4C3,36025,34.92814,-85.57817,16.0,2015-06-18 13:45:13,2015-06-18T13:45:13.000Z,34.342508333,-84.873386667,31.643,292.8,138.82,-0.7000000000000001
30,20150618-134541,Updating,UAL1096 ,AA7E2E,36000,34.6162,-85.35713,15.0,2015-06-18 13:45:41,2015-06-18T13:45:41.000Z,34.33677,-84.866675,31.139,282.8,133.45,0.2
31,20150618-134620,Updating,784     ,A1D4C3,36025,34.92814,-85.57817,11.0,2015-06-18 13:46:20,2015-06-18T13:46:20.000Z,34.329166667,-84.85715,30.949,280.2,137.68,-0.5
32,20150618-134706,Updating,UAL1096 ,AA7E2E,36000,34.6162,-85.35713,8.0,2015-06-18 13:47:06,2015-06-18T13:47:06.000Z,34.319278333,-84.847053333,31.618,277.1,139.69,-0.7000000000000001
33,20150618-135016,Updating,XXXXX,AA7052,12950,33.994859999999996,-84.90337,11.0,2015-06-18 13:50:16,2015-06-18T13:50:16.000Z,34.277761667,-84.815655,27.435,250.5,143.69,0.5
34,20150618-135136,Updating,XXXXX,71BE11,17650,34.288740000000004,-85.23036,20.0,2015-06-18 13:51:36,2015-06-18T13:51:36.000Z,34.26147,-84.801131667,29.426,236.5,143.5,-0.2
35,20150618-135136,Updating,CUB182  ,503DA2,35975,34.014179999999996,-84.34633000000001,20.0,2015-06-18 13:51:36,2015-06-18T13:51:36.000Z,34.26147,-84.801131667,29.426,236.5,143.5,-0.2
36,20150618-135136,Updating,2770    ,AA7052,12500,33.96304,-84.86255,20.0,2015-06-18 13:51:36,2015-06-18T13:51:36.000Z,34.26147,-84.801131667,29.426,236.5,143.5,-0.2
37,20150618-135246,Updating,XXXXX,71BE11,17650,34.288740000000004,-85.23036,21.0,2015-06-18 13:52:46,2015-06-18T13:52:46.000Z,34.250096667,-84.785165,28.109,233.6,126.49,-0.3
38,20150618-135246,Updating,CUB182  ,503DA2,36000,34.09211,-84.32814,21.0,2015-06-18 13:52:46,2015-06-18T13:52:46.000Z,34.250096667,-84.785165,28.109,233.6,126.49,-0.3
39,20150618-135246,Updating,2770    ,AA7052,12500,33.96304,-84.86255,21.0,2015-06-18 13:52:46,2015-06-18T13:52:46.000Z,34.250096667,-84.785165,28.109,233.6,126.49,-0.3
40,20150618-135433,Updating,CUB182  ,503DA2,36000,34.24555,-84.29209,14.0,2015-06-18 13:54:33,2015-06-18T13:54:33.000Z,34.235508333,-84.758778333,29.894,255.9,134.92,0.6
41,20150618-135433,Updating,2770    ,AA7052,12500,33.96304,-84.86255,14.0,2015-06-18 13:54:33,2015-06-18T13:54:33.000Z,34.235508333,-84.758778333,29.894,255.9,134.92,0.6
42,20150618-135549,Updating,XXXXX,71BE11,13800,34.06772,-84.99716,19.0,2015-06-18 13:55:49,2015-06-18T13:55:49.000Z,34.217736667,-84.75301,27.343,287.6,196.92,0.4
43,20150618-135549,Updating,CUB182  ,503DA2,36000,34.33586,-84.27096999999999,17.0,2015-06-18 13:55:49,2015-06-18T13:55:49.000Z,34.217736667,-84.75301,27.343,287.6,196.92,0.4
44,20150618-135623,Updating,4326    ,A53436,33000,34.73421,-84.81903,18.0,2015-06-18 13:56:23,2015-06-18T13:56:23.000Z,34.211465,-84.759635,27.939,280.0,222.38,-0.5
45,20150618-135659,Updating,KAL035  ,71BE11,11825,34.06772,-84.99716,22.0,2015-06-18 13:56:59,2015-06-18T13:56:59.000Z,34.203028333,-84.761883333,27.363,291.5,180.6,0.8
46,20150618-135659,Updating,CUB182  ,503DA2,36000,34.33586,-84.27096999999999,22.0,2015-06-18 13:56:59,2015-06-18T13:56:59.000Z,34.203028333,-84.761883333,27.363,291.5,180.6,0.8
47,20150618-135741,Updating,4326    ,A53436,33000,34.73421,-84.81903,20.0,2015-06-18 13:57:41,2015-06-18T13:57:41.000Z,34.193108333,-84.765995,29.267,294.1,207.95,-0.6
48,20150618-135812,Updating,KAL035  ,71BE11,11800,33.822829999999996,-84.75874,17.0,2015-06-18 13:58:12,2015-06-18T13:58:12.000Z,34.185338333,-84.766001667,29.087,286.5,151.41,-0.6
49,20150618-135851,Updating,4326    ,A53436,33000,34.294990000000006,-84.66534,15.0,2015-06-18 13:58:51,2015-06-18T13:58:51.000Z,34.176583333,-84.759876667,28.716,257.8,164.59,-0.2
50,20150618-135913,Updating,KAL035  ,71BE11,11800,33.822829999999996,-84.75874,16.0,2015-06-18 13:59:13,2015-06-18T13:59:13.000Z,34.17091,-84.758851667,29.328,250.1,172.19,-0.6
51,20150618-135913,Updating,DAL1066 ,A32AD1,15400,34.00346,-84.61961,16.0,2015-06-18 13:59:13,2015-06-18T13:59:13.000Z,34.17091,-84.758851667,29.328,250.1,172.19,-0.6
52,20150618-135957,Updating,XXXXX,A842A9,35975,34.20063,-84.41305,16.0,2015-06-18 13:59:57,2015-06-18T13:59:57.000Z,34.160226667,-84.754398333,28.84,217.2,144.25,0.1
53,20150618-135957,Updating,4326    ,A53436,33000,34.15943,-84.61806999999999,16.0,2015-06-18 13:59:57,2015-06-18T13:59:57.000Z,34.160226667,-84.754398333,28.84,217.2,144.25,0.1
54,20150618-140016,Updating,DAL1066 ,A32AD1,18625,34.12535,-84.66471,15.0,2015-06-18 14:00:16,2015-06-18T14:00:16.000Z,34.156215,-84.750918333,29.061,225.2,144.37,0.7000000000000001
55,20150618-140102,Updating,XXXXX,A842A9,35975,34.20063,-84.41305,14.0,2015-06-18 14:01:02,2015-06-18T14:01:02.000Z,34.146433333,-84.742471667,29.061,245.1,144.43,-0.1
56,20150618-140102,Updating,4326    ,A53436,33000,34.04104,-84.57722,14.0,2015-06-18 14:01:02,2015-06-18T14:01:02.000Z,34.146433333,-84.742471667,29.061,245.1,144.43,-0.1
57,20150618-140123,Updating,DAL1066 ,A32AD1,21325,34.22511,-84.7023,16.0,2015-06-18 14:01:23,2015-06-18T14:01:23.000Z,34.14194,-84.738731667,28.67,246.5,151.83,0.7000000000000001
58,20150618-140140,Updating,UAL1048 ,A94B4D,36000,33.917359999999995,-84.27719,15.0,2015-06-18 14:01:40,2015-06-18T14:01:40.000Z,34.137698333,-84.737328333,28.593,256.9,176.16,0.9
59,20150618-140237,Updating,XXXXX,A842A9,36000,34.20063,-84.41305,16.0,2015-06-18 14:02:37,2015-06-18T14:02:37.000Z,34.123556667,-84.740861667,29.123,245.8,182.56,-0.7000000000000001
60,20150618-140237,Updating,DAL1066 ,A32AD1,23175,34.26833,-84.72443,16.0,2015-06-18 14:02:37,2015-06-18T14:02:37.000Z,34.123556667,-84.740861667,29.123,245.8,182.56,-0.7000000000000001
61,20150618-140237,Updating,4326    ,A53436,33000,34.00562,-84.56491,15.0,2015-06-18 14:02:37,2015-06-18T14:02:37.000Z,34.123556667,-84.740861667,29.123,245.8,182.56,-0.7000000000000001
62,20150618-140247,Updating,UAL1048 ,A94B4D,36000,33.917359999999995,-84.27719,13.0,2015-06-18 14:02:47,2015-06-18T14:02:47.000Z,34.12095,-84.74062,29.01,239.4,168.28,-0.5
63,20150618-140343,Updating,XXXXX,A842A9,36000,34.61773,-84.38747,16.0,2015-06-18 14:03:43,2015-06-18T14:03:43.000Z,34.109953333,-84.730165,28.089,255.0,145.1,-0.8
64,20150618-140343,Updating,DAL1066 ,A32AD1,26000,34.479009999999995,-84.88192,16.0,2015-06-18 14:03:43,2015-06-18T14:03:43.000Z,34.109953333,-84.730165,28.089,255.0,145.1,-0.8
65,20150618-140343,Updating,4326    ,A53436,33000,33.80433,-84.49556,16.0,2015-06-18 14:03:43,2015-06-18T14:03:43.000Z,34.109953333,-84.730165,28.089,255.0,145.1,-0.8
66,20150618-140356,Updating,UAL1048 ,A94B4D,36000,33.78007,-84.44733000000001,17.0,2015-06-18 14:03:56,2015-06-18T14:03:56.000Z,34.10703,-84.728238333,28.999,244.0,157.4,-0.8
67,20150618-140430,Updating,XXXXX,A71163,37000,34.42538,-84.86608000000001,17.0,2015-06-18 14:04:30,2015-06-18T14:04:30.000Z,34.098433333,-84.726286667,28.526,247.3,172.66,0.9
68,20150618-140454,Updating,XXXXX,A842A9,36000,34.61773,-84.38747,17.0,2015-06-18 14:04:54,2015-06-18T14:04:54.000Z,34.0927,-84.72534,26.293,261.4,164.91,0.2
69,20150618-140454,Updating,DAL1066 ,A32AD1,25975,34.51187,-84.90675,17.0,2015-06-18 14:04:54,2015-06-18T14:04:54.000Z,34.0927,-84.72534,26.293,261.4,164.91,0.2
70,20150618-140454,Updating,4326    ,A53436,33000,33.64973,-84.44211999999999,17.0,2015-06-18 14:04:54,2015-06-18T14:04:54.000Z,34.0927,-84.72534,26.293,261.4,164.91,0.2
71,20150618-140531,Updating,XXXXX,A71163,36975,34.42538,-84.86608000000001,17.0,2015-06-18 14:05:31,2015-06-18T14:05:31.000Z,34.087963333,-84.717518333,26.905,265.0,90.02,0.2
72,20150618-140531,Updating,UAL1048 ,A94B4D,35975,33.617329999999995,-84.65893,17.0,2015-06-18 14:05:31,2015-06-18T14:05:31.000Z,34.087963333,-84.717518333,26.905,265.0,90.02,0.2
73,20150618-140600,Updating,XXXXX,A842A9,35975,35.032140000000005,-84.47594000000001,27.0,2015-06-18 14:06:00,2015-06-18T14:06:00.000Z,34.088166667,-84.708506667,28.881,267.5,89.17,-0.1
74,20150618-140600,Updating,DAL1066 ,A32AD1,26000,34.51187,-84.90675,27.0,2015-06-18 14:06:00,2015-06-18T14:06:00.000Z,34.088166667,-84.708506667,28.881,267.5,89.17,-0.1
75,20150618-140600,Updating,4326    ,A53436,33000,33.565290000000005,-84.40935999999999,27.0,2015-06-18 14:06:00,2015-06-18T14:06:00.000Z,34.088166667,-84.708506667,28.881,267.5,89.17,-0.1
76,20150618-140633,Updating,UAL1528 ,A41E90,35000,33.5593,-84.78368,28.0,2015-06-18 14:06:33,2015-06-18T14:06:33.000Z,34.088238333,-84.698133333,29.133,260.4,95.99,0.0
77,20150618-140633,Updating,NKS456  ,A71163,37000,34.173390000000005,-84.72886,28.0,2015-06-18 14:06:33,2015-06-18T14:06:33.000Z,34.088238333,-84.698133333,29.133,260.4,95.99,0.0
78,20150618-140633,Updating,UAL1048 ,A94B4D,36000,33.617329999999995,-84.65893,28.0,2015-06-18 14:06:33,2015-06-18T14:06:33.000Z,34.088238333,-84.698133333,29.133,260.4,95.99,0.0
79,20150618-140643,Updating,XXXXX,AA6C7C,11200,33.68797,-84.78878,28.0,2015-06-18 14:06:43,2015-06-18T14:06:43.000Z,34.087753333,-84.695055,28.598,264.0,104.84,0.7000000000000001
80,20150618-140643,Updating,XXXXX,AB2760,8150,33.793079999999996,-84.60526,28.0,2015-06-18 14:06:43,2015-06-18T14:06:43.000Z,34.087753333,-84.695055,28.598,264.0,104.84,0.7000000000000001
81,20150618-140708,Updating,XXXXX,A842A9,35975,35.032140000000005,-84.47594000000001,28.0,2015-06-18 14:07:08,2015-06-18T14:07:08.000Z,34.085103333,-84.687918333,28.341,265.8,116.89,0.2
82,20150618-140708,Updating,DAL1066 ,A32AD1,26000,34.51187,-84.90675,28.0,2015-06-18 14:07:08,2015-06-18T14:07:08.000Z,34.085103333,-84.687918333,28.341,265.8,116.89,0.2
83,20150618-140708,Updating,4326    ,A53436,33000,33.565290000000005,-84.40935999999999,27.0,2015-06-18 14:07:08,2015-06-18T14:07:08.000Z,34.085103333,-84.687918333,28.341,265.8,116.89,0.2
84,20150618-140734,Updating,UAL1528 ,A41E90,35000,33.5593,-84.78368,26.0,2015-06-18 14:07:34,2015-06-18T14:07:34.000Z,34.08218,-84.680973333,26.947,264.4,117.03,0.7000000000000001
85,20150618-140734,Updating,NKS456  ,A71163,37000,34.046490000000006,-84.66006999999999,26.0,2015-06-18 14:07:34,2015-06-18T14:07:34.000Z,34.08218,-84.680973333,26.947,264.4,117.03,0.7000000000000001
86,20150618-140734,Updating,UAL1048 ,A94B4D,36000,33.617329999999995,-84.65893,25.0,2015-06-18 14:07:34,2015-06-18T14:07:34.000Z,34.08218,-84.680973333,26.947,264.4,117.03,0.7000000000000001
87,20150618-140744,Updating,XXXXX,AA6C7C,11200,33.68797,-84.78878,25.0,2015-06-18 14:07:44,2015-06-18T14:07:44.000Z,34.081155,-84.678328333,26.468,272.5,111.12,1.1
88,20150618-140744,Updating,DAL1929 ,AB2760,10875,33.95238,-84.64276,25.0,2015-06-18 14:07:44,2015-06-18T14:07:44.000Z,34.081155,-84.678328333,26.468,272.5,111.12,1.1
89,20150618-140812,Updating,XXXXX,A842A9,35975,35.032140000000005,-84.47594000000001,27.0,2015-06-18 14:08:12,2015-06-18T14:08:12.000Z,34.079986667,-84.670606667,26.278,284.9,93.61,0.3
90,20150618-140812,Updating,DAL1066 ,A32AD1,26000,34.51187,-84.90675,27.0,2015-06-18 14:08:12,2015-06-18T14:08:12.000Z,34.079986667,-84.670606667,26.278,284.9,93.61,0.3
91,20150618-140812,Updating,4326    ,A53436,33000,33.565290000000005,-84.40935999999999,27.0,2015-06-18 14:08:12,2015-06-18T14:08:12.000Z,34.079986667,-84.670606667,26.278,284.9,93.61,0.3
92,20150618-140839,Updating,UAL1528 ,A41E90,34975,33.684309999999996,-84.55015999999999,26.0,2015-06-18 14:08:39,2015-06-18T14:08:39.000Z,34.079613333,-84.662746667,27.183,284.8,93.52,-0.2
93,20150618-140839,Updating,NKS456  ,A71163,36975,33.926790000000004,-84.59546,26.0,2015-06-18 14:08:39,2015-06-18T14:08:39.000Z,34.079613333,-84.662746667,27.183,284.8,93.52,-0.2
94,20150618-140839,Updating,UAL1048 ,A94B4D,36000,33.617329999999995,-84.65893,26.0,2015-06-18 14:08:39,2015-06-18T14:08:39.000Z,34.079613333,-84.662746667,27.183,284.8,93.52,-0.2
95,20150618-140847,Updating,XXXXX,AA6C7C,11200,33.68797,-84.78878,25.0,2015-06-18 14:08:47,2015-06-18T14:08:47.000Z,34.079493333,-84.660336667,28.197,283.8,93.47,0.0
96,20150618-140847,Updating,DAL1929 ,AB2760,12325,34.05655,-84.66648,25.0,2015-06-18 14:08:47,2015-06-18T14:08:47.000Z,34.079493333,-84.660336667,28.197,283.8,93.47,0.0
97,20150618-140949,Updating,UAL1528 ,A41E90,35000,33.684309999999996,-84.55015999999999,20.0,2015-06-18 14:09:49,2015-06-18T14:09:49.000Z,34.079473333,-84.642223333,26.345,286.8,74.97,-0.2
98,20150618-140949,Updating,NKS456  ,A71163,37000,33.81596,-84.53585,20.0,2015-06-18 14:09:49,2015-06-18T14:09:49.000Z,34.079473333,-84.642223333,26.345,286.8,74.97,-0.2
99,20150618-140949,Updating,DAL1929 ,AB2760,14100,34.15311,-84.68906,20.0,2015-06-18 14:09:49,2015-06-18T14:09:49.000Z,34.079473333,-84.642223333,26.345,286.8,74.97,-0.2
100,20150618-141052,Updating,UAL1528 ,A41E90,35000,33.684309999999996,-84.55015999999999,20.0,2015-06-18 14:10:52,2015-06-18T14:10:52.000Z,34.077963333,-84.625216667,25.645,287.2,131.99,0.2
101,20150618-141052,Updating,NKS456  ,A71163,37000,33.81596,-84.53585,20.0,2015-06-18 14:10:52,2015-06-18T14:10:52.000Z,34.077963333,-84.625216667,25.645,287.2,131.99,0.2
102,20150618-141052,Updating,DAL1929 ,AB2760,15650,34.243590000000005,-84.69561,20.0,2015-06-18 14:10:52,2015-06-18T14:10:52.000Z,34.077963333,-84.625216667,25.645,287.2,131.99,0.2
103,20150618-141200,Updating,UAL1528 ,A41E90,35000,33.87141,-84.19716,20.0,2015-06-18 14:12:00,2015-06-18T14:12:00.000Z,34.066478333,-84.610231667,28.922,334.8,138.87,0.9
104,20150618-141200,Updating,NKS456  ,A71163,37000,33.81596,-84.53585,20.0,2015-06-18 14:12:00,2015-06-18T14:12:00.000Z,34.066478333,-84.610231667,28.922,334.8,138.87,0.9
105,20150618-141200,Updating,DAL1929 ,AB2760,16800,34.243590000000005,-84.69561,20.0,2015-06-18 14:12:00,2015-06-18T14:12:00.000Z,34.066478333,-84.610231667,28.922,334.8,138.87,0.9
106,20150618-141306,Updating,UAL1528 ,A41E90,35000,33.87141,-84.19716,17.0,2015-06-18 14:13:06,2015-06-18T14:13:06.000Z,34.055165,-84.596615,27.147,347.0,120.99,0.5
107,20150618-141306,Updating,DAL1929 ,AB2760,18525,34.421,-84.68491,17.0,2015-06-18 14:13:06,2015-06-18T14:13:06.000Z,34.055165,-84.596615,27.147,347.0,120.99,0.5
108,20150618-141412,Updating,UAL1528 ,A41E90,35000,33.87141,-84.19716,18.0,2015-06-18 14:14:12,2015-06-18T14:14:12.000Z,34.044058333,-84.581546667,29.092,331.1,144.96,-0.4
109,20150618-141412,Updating,DAL1929 ,AB2760,18525,34.421,-84.68491,18.0,2015-06-18 14:14:12,2015-06-18T14:14:12.000Z,34.044058333,-84.581546667,29.092,331.1,144.96,-0.4
110,20150618-141518,Updating,UAL1528 ,A41E90,35000,33.87141,-84.19716,20.0,2015-06-18 14:15:18,2015-06-18T14:15:18.000Z,34.031865,-84.576808333,12.547,309.9,166.81,-0.1
111,20150618-141518,Updating,DAL1929 ,AB2760,18525,34.421,-84.68491,20.0,2015-06-18 14:15:18,2015-06-18T14:15:18.000Z,34.031865,-84.576808333,12.547,309.9,166.81,-0.1
112,20150618-141559,Updating,XXXXX,A7CFE3,34975,33.66948,-84.61894000000001,24.0,2015-06-18 14:15:59,2015-06-18T14:15:59.000Z,34.02682,-84.57493,18.381,304.4,151.44,-0.5
113,20150618-141628,Updating,UAL1528 ,A41E90,35000,33.87141,-84.19716,26.0,2015-06-18 14:16:28,2015-06-18T14:16:28.000Z,34.022565,-84.571971667,20.089,290.3,156.99,-0.4
114,20150618-141654,Updating,XXXXX,AB56A9,4825,33.85991,-84.80229,25.0,2015-06-18 14:16:54,2015-06-18T14:16:54.000Z,34.017616667,-84.57055,21.55,296.8,168.43,0.4
115,20150618-141706,Updating,NKS822  ,A7CFE3,35000,33.67156,-84.53493,25.0,2015-06-18 14:17:06,2015-06-18T14:17:06.000Z,34.015361667,-84.570013333,20.485,301.2,168.51,0.4
116,20150618-141807,Updating,XXXXX,AB56A9,4800,33.85991,-84.80229,24.0,2015-06-18 14:18:07,2015-06-18T14:18:07.000Z,34.005016667,-84.565163333,19.883,324.9,152.27,0.4
117,20150618-141807,Updating,NKS822  ,A7CFE3,35000,33.673559999999995,-84.45522,24.0,2015-06-18 14:18:07,2015-06-18T14:18:07.000Z,34.005016667,-84.565163333,19.883,324.9,152.27,0.4
118,20150618-141910,Updating,XXXXX,AB56A9,4800,33.91891,-84.6551,26.0,2015-06-18 14:19:10,2015-06-18T14:19:10.000Z,33.99407,-84.556721667,24.981,324.3,127.27,0.6
119,20150618-141910,Updating,NKS822  ,A7CFE3,34950,33.67882,-84.21816,25.0,2015-06-18 14:19:10,2015-06-18T14:19:10.000Z,33.99407,-84.556721667,24.981,324.3,127.27,0.6
120,20150618-142015,Updating,N83GT   ,AB56A9,4800,33.947340000000004,-84.58312,31.0,2015-06-18 14:20:15,2015-06-18T14:20:15.000Z,33.986135,-84.543973333,16.534,341.6,140.39,0.3
121,20150618-142015,Updating,NKS822  ,A7CFE3,34975,33.67882,-84.21816,31.0,2015-06-18 14:20:15,2015-06-18T14:20:15.000Z,33.986135,-84.543973333,16.534,341.6,140.39,0.3
122,20150618-142024,Updating,DAL1893 ,AB63D7,8700,33.947990000000004,-84.05972,32.0,2015-06-18 14:20:24,2015-06-18T14:20:24.000Z,33.985078333,-84.54293,16.879,339.7,140.47,-0.1
123,20150618-142024,Updating,N504CS  ,A6490F,4975,33.985659999999996,-84.39574,32.0,2015-06-18 14:20:24,2015-06-18T14:20:24.000Z,33.985078333,-84.54293,16.879,339.7,140.47,-0.1
124,20150618-142042,Updating,1311    ,A19647,35000,34.197559999999996,-84.92992,34.0,2015-06-18 14:20:42,2015-06-18T14:20:42.000Z,33.983251667,-84.541151667,12.81,337.2,140.42,0.0
125,20150618-142117,Updating,N83GT   ,AB56A9,4800,33.970459999999996,-84.52421,30.0,2015-06-18 14:21:17,2015-06-18T14:21:17.000Z,33.980968333,-84.538863333,5.474,340.0,139.62,-0.2
126,20150618-142126,Updating,DAL1893 ,AB63D7,7450,33.83161,-84.11957,30.0,2015-06-18 14:21:26,2015-06-18T14:21:26.000Z,33.980606667,-84.538486667,7.573,340.0,139.9,0.3
127,20150618-142126,Updating,N504CS  ,A6490F,5900,34.0361,-84.39759000000001,30.0,2015-06-18 14:21:26,2015-06-18T14:21:26.000Z,33.980606667,-84.538486667,7.573,340.0,139.9,0.3
128,20150618-142143,Updating,1311    ,A19647,35050,34.07895,-84.826,32.0,2015-06-18 14:21:43,2015-06-18T14:21:43.000Z,33.979355,-84.537223333,11.22,340.8,139.87,-0.1
129,20150618-142219,Updating,N83GT   ,AB56A9,4800,33.99221,-84.46861,39.0,2015-06-18 14:22:19,2015-06-18T14:22:19.000Z,33.97658,-84.53448,10.793,331.4,141.26,-0.3
130,20150618-142219,Updating,NKS822  ,A7CFE3,35000,33.68762,-83.7735,39.0,2015-06-18 14:22:19,2015-06-18T14:22:19.000Z,33.97658,-84.53448,10.793,331.4,141.26,-0.3
131,20150618-142227,Updating,DAL1893 ,AB63D7,5925,33.78822,-84.13994,39.0,2015-06-18 14:22:27,2015-06-18T14:22:27.000Z,33.97597,-84.533891667,10.371,330.4,141.02,0.0
132,20150618-142227,Updating,N504CS  ,A6490F,6525,34.075070000000004,-84.39159000000001,39.0,2015-06-18 14:22:27,2015-06-18T14:22:27.000Z,33.97597,-84.533891667,10.371,330.4,141.02,0.0
133,20150618-142244,Updating,1311    ,A19647,35000,33.93761,-84.70246999999999,37.0,2015-06-18 14:22:44,2015-06-18T14:22:44.000Z,33.974835,-84.532783333,8.895,327.9,141.11,-0.2
134,20150618-142320,Updating,N83GT   ,AB56A9,4700,34.012440000000005,-84.4167,35.0,2015-06-18 14:23:20,2015-06-18T14:23:20.000Z,33.971575,-84.52963,12.486,319.7,141.55,-0.1
135,20150618-142320,Updating,NKS822  ,A7CFE3,34975,33.68953,-83.66192,35.0,2015-06-18 14:23:20,2015-06-18T14:23:20.000Z,33.971575,-84.52963,12.486,319.7,141.55,-0.1
136,20150618-142328,Updating,DAL1893 ,AB63D7,5925,33.78822,-84.13994,33.0,2015-06-18 14:23:28,2015-06-18T14:23:28.000Z,33.970795,-84.52888,14.847,317.8,141.52,-0.3
137,20150618-142328,Updating,N504CS  ,A6490F,7200,34.11845,-84.38447,33.0,2015-06-18 14:23:28,2015-06-18T14:23:28.000Z,33.970795,-84.52888,14.847,317.8,141.52,-0.3
138,20150618-142347,Updating,1311    ,A19647,34975,33.8264,-84.60582,36.0,2015-06-18 14:23:47,2015-06-18T14:23:47.000Z,33.96841,-84.52658,20.367,317.0,141.27,0.3
139,20150618-142423,Updating,N83GT   ,AB56A9,4150,34.025209999999994,-84.38414,37.0,2015-06-18 14:24:23,2015-06-18T14:24:23.000Z,33.96265,-84.52103,25.727,322.7,141.39,-0.9
140,20150618-142423,Updating,NKS822  ,A7CFE3,34975,33.68953,-83.66192,37.0,2015-06-18 14:24:23,2015-06-18T14:24:23.000Z,33.96265,-84.52103,25.727,322.7,141.39,-0.9
141,20150618-142431,Updating,DAL1893 ,AB63D7,5925,33.78822,-84.13994,37.0,2015-06-18 14:24:31,2015-06-18T14:24:31.000Z,33.961135,-84.519573333,27.626,316.7,141.1,-0.4
142,20150618-142431,Updating,N504CS  ,A6490F,7525,34.13823,-84.38161,37.0,2015-06-18 14:24:31,2015-06-18T14:24:31.000Z,33.961135,-84.519573333,27.626,316.7,141.1,-0.4
143,20150618-142448,Updating,50500255,A9C934,27000,33.55348,-84.30566,34.0,2015-06-18 14:24:48,2015-06-18T14:24:48.000Z,33.957556667,-84.516953333,26.936,326.6,162.21,0.8
144,20150618-142448,Updating,1311    ,A19647,34975,33.72382,-84.51687,34.0,2015-06-18 14:24:48,2015-06-18T14:24:48.000Z,33.957556667,-84.516953333,26.936,326.6,162.21,0.8
145,20150618-142525,Updating,N83GT   ,AB56A9,3500,34.03542,-84.30404,36.0,2015-06-18 14:25:25,2015-06-18T14:25:25.000Z,33.948795,-84.515866667,24.657,332.2,155.43,-0.4
146,20150618-142525,Updating,NKS822  ,A7CFE3,34975,33.68953,-83.66192,36.0,2015-06-18 14:25:25,2015-06-18T14:25:25.000Z,33.948795,-84.515866667,24.657,332.2,155.43,-0.4
147,20150618-142533,Updating,N504CS  ,A6490F,7800,34.195409999999995,-84.37294,36.0,2015-06-18 14:25:33,2015-06-18T14:25:33.000Z,33.947333333,-84.514678333,25.028,329.4,137.26,-0.4
148,20150618-142552,Updating,50500255,A9C934,27000,33.633390000000006,-84.18119,35.0,2015-06-18 14:25:52,2015-06-18T14:25:52.000Z,33.944615,-84.510445,26.093,322.8,126.74,-0.3
149,20150618-142552,Updating,1311    ,A19647,35000,33.616440000000004,-84.4356,35.0,2015-06-18 14:25:52,2015-06-18T14:25:52.000Z,33.944615,-84.510445,26.093,322.8,126.74,-0.3
150,20150618-142627,Updating,N83GT   ,AB56A9,3400,34.03542,-84.30404,34.0,2015-06-18 14:26:27,2015-06-18T14:26:27.000Z,33.939178333,-84.501705,30.301,300.7,126.83,-0.8
151,20150618-142627,Updating,NKS822  ,A7CFE3,34975,33.68953,-83.66192,34.0,2015-06-18 14:26:27,2015-06-18T14:26:27.000Z,33.939178333,-84.501705,30.301,300.7,126.83,-0.8
152,20150618-142638,Updating,N504CS  ,A6490F,7800,34.195409999999995,-84.37294,32.0,2015-06-18 14:26:38,2015-06-18T14:26:38.000Z,33.937428333,-84.498895,28.937,294.8,126.86,0.1
153,20150618-142657,Updating,50500255,A9C934,27000,33.71178,-84.05874,31.0,2015-06-18 14:26:57,2015-06-18T14:26:57.000Z,33.934376667,-84.494051667,28.979,290.0,129.45,-0.3
154,20150618-142657,Updating,1311    ,A19647,35025,33.616440000000004,-84.4356,31.0,2015-06-18 14:26:57,2015-06-18T14:26:57.000Z,33.934376667,-84.494051667,28.979,290.0,129.45,-0.3
155,20150618-142728,Updating,N83GT   ,AB56A9,3400,34.03542,-84.30404,31.0,2015-06-18 14:27:28,2015-06-18T14:27:28.000Z,33.928956667,-84.48901,15.006,285.8,154.34,0.0
156,20150618-142741,Updating,N504CS  ,A6490F,7800,34.195409999999995,-84.37294,32.0,2015-06-18 14:27:41,2015-06-18T14:27:41.000Z,33.927411667,-84.488153333,11.868,288.1,155.07,0.3
157,20150618-142801,Updating,50500255,A9C934,27000,33.78603,-83.94227,32.0,2015-06-18 14:28:01,2015-06-18T14:28:01.000Z,33.92575,-84.487258333,13.015,293.5,155.32,0.3
158,20150618-142801,Updating,1311    ,A19647,35975,33.433640000000004,-84.35314,32.0,2015-06-18 14:28:01,2015-06-18T14:28:01.000Z,33.92575,-84.487258333,13.015,293.5,155.32,0.3
159,20150618-142831,Updating,N83GT   ,AB56A9,3400,34.03542,-84.30404,27.0,2015-06-18 14:28:31,2015-06-18T14:28:31.000Z,33.921683333,-84.484976667,16.339,288.0,155.96,-0.3
160,20150618-142856,Updating,XXXXX,AA56B3,36000,33.58879,-83.96793000000001,24.0,2015-06-18 14:28:56,2015-06-18T14:28:56.000Z,33.91913,-84.483508333,10.423,283.4,153.26,0.0
161,20150618-142906,Updating,50500255,A9C934,27000,33.79335,-83.93078,27.0,2015-06-18 14:29:06,2015-06-18T14:29:06.000Z,33.918111667,-84.482928333,12.419,284.3,155.18,0.3
162,20150618-142906,Updating,1311    ,A19647,36000,33.30482,-84.29947,27.0,2015-06-18 14:29:06,2015-06-18T14:29:06.000Z,33.918111667,-84.482928333,12.419,284.3,155.18,0.3
163,20150618-142958,Updating,UAL1063 ,AA56B3,36000,33.58365,-83.97714,27.0,2015-06-18 14:29:58,2015-06-18T14:29:58.000Z,33.912551667,-84.479781667,15.413,288.9,154.86,-0.3
164,20150618-143012,Updating,50500255,A9C934,27000,33.79335,-83.93078,29.0,2015-06-18 14:30:12,2015-06-18T14:30:12.000Z,33.910638333,-84.478708333,16.709,288.3,155.2,0.3
165,20150618-143012,Updating,1311    ,A19647,36000,33.30482,-84.29947,29.0,2015-06-18 14:30:12,2015-06-18T14:30:12.000Z,33.910638333,-84.478708333,16.709,288.3,155.2,0.3
166,20150618-143100,Updating,UAL1063 ,AA56B3,36000,33.4489,-84.2157,32.0,2015-06-18 14:31:00,2015-06-18T14:31:00.000Z,33.904631667,-84.475445,19.132,296.0,155.96,-0.2
167,20150618-143113,Updating,50500255,A9C934,27000,33.79335,-83.93078,34.0,2015-06-18 14:31:13,2015-06-18T14:31:13.000Z,33.902453333,-84.474111667,21.828,291.1,149.52,-0.4
168,20150618-143113,Updating,1311    ,A19647,36000,33.30482,-84.29947,34.0,2015-06-18 14:31:13,2015-06-18T14:31:13.000Z,33.902453333,-84.474111667,21.828,291.1,149.52,-0.4
169,20150618-143152,Updating,XXXXX,AC52EE,33000,33.60297,-84.39501,30.0,2015-06-18 14:31:52,2015-06-18T14:31:52.000Z,33.896353333,-84.466896667,25.933,282.5,128.86,0.3
170,20150618-143201,Updating,UAL1063 ,AA56B3,36000,33.4489,-84.2157,29.0,2015-06-18 14:32:01,2015-06-18T14:32:01.000Z,33.89503,-84.464971667,25.702,282.6,132.83,-0.5
171,20150618-143220,Updating,50500255,A9C934,27000,33.79335,-83.93078,28.0,2015-06-18 14:32:20,2015-06-18T14:32:20.000Z,33.891226667,-84.461736667,27.873,272.4,147.27,-0.5
172,20150618-143255,Updating,ASH5122 ,AC52EE,33000,33.72118,-84.1971,30.0,2015-06-18 14:32:55,2015-06-18T14:32:55.000Z,33.884136667,-84.456333333,27.291,286.8,140.8,-0.8
173,20150618-143303,Updating,UAL1063 ,AA56B3,36000,33.4489,-84.2157,30.0,2015-06-18 14:33:03,2015-06-18T14:33:03.000Z,33.882596667,-84.454811667,27.687,278.4,140.96,-1.0
174,20150618-143321,Updating,50500255,A9C934,27000,33.79335,-83.93078,30.0,2015-06-18 14:33:21,2015-06-18T14:33:21.000Z,33.878901667,-84.451385,29.107,260.2,142.26,-0.9
175,20150618-143403,Updating,ASH5122 ,AC52EE,33000,33.7885,-84.08425,31.0,2015-06-18 14:34:03,2015-06-18T14:34:03.000Z,33.87016,-84.44342,27.96,261.8,156.8,1.1
176,20150618-143411,Updating,UAL1063 ,AA56B3,36000,33.4489,-84.2157,30.0,2015-06-18 14:34:11,2015-06-18T14:34:11.000Z,33.868333333,-84.442438333,27.523,271.2,153.2,1.1
177,20150618-143434,Updating,XXXXX,A7A616,4825,33.6757,-84.60983,29.0,2015-06-18 14:34:34,2015-06-18T14:34:34.000Z,33.863671667,-84.438648333,26.797,282.8,143.63,-0.4
178,20150618-143505,Updating,ASH5122 ,AC52EE,33000,33.7885,-84.08425,29.0,2015-06-18 14:35:05,2015-06-18T14:35:05.000Z,33.857443333,-84.433365,27.291,250.4,151.41,-0.8
179,20150618-143514,Updating,UAL1063 ,AA56B3,36000,33.4489,-84.2157,29.0,2015-06-18 14:35:14,2015-06-18T14:35:14.000Z,33.855373333,-84.432355,27.677,244.3,163.86,-0.8
180,20150618-143537,Updating,XXXXX,A7A616,4825,33.6757,-84.60983,30.0,2015-06-18 14:35:37,2015-06-18T14:35:37.000Z,33.850493333,-84.431381667,17.29,249.4,183.17,-0.2
181,20150618-143610,Updating,ASH5122 ,AC52EE,33000,33.7885,-84.08425,24.0,2015-06-18 14:36:10,2015-06-18T14:36:10.000Z,33.848910000000004,-84.431523333,0.0,241.0,183.25,0.0
182,20150618-143624,Updating,UAL1063 ,AA56B3,36000,33.4489,-84.2157,24.0,2015-06-18 14:36:24,2015-06-18T14:36:24.000Z,33.848911667,-84.431523333,0.01,241.0,183.25,0.0
183,20150618-143712,Updating,ASH5122 ,AC52EE,33000,33.7885,-84.08425,18.0,2015-06-18 14:37:12,2015-06-18T14:37:12.000Z,33.848910000000004,-84.431523333,0.0,241.0,183.25,0.0
184,20150618-144722,Updating,XXXXX,A50549,30000,33.4991,-84.40538000000001,14.0,2015-06-18 14:47:22,2015-06-18T14:47:22.000Z,33.847218333,-84.429975,0.0,241.9,316.16,0.0
185,20150618-144722,Updating,4405    ,A4C8DC,36000,33.42375,-84.38795999999999,14.0,2015-06-18 14:47:22,2015-06-18T14:47:22.000Z,33.847218333,-84.429975,0.0,241.9,316.16,0.0
186,20150618-144823,Updating,XXXXX,A50549,30000,33.70628,-84.47231,14.0,2015-06-18 14:48:23,2015-06-18T14:48:23.000Z,33.846928333,-84.429805,5.227,243.7,88.05,0.2
187,20150618-144823,Updating,4405    ,A4C8DC,36000,33.62334,-84.4343,14.0,2015-06-18 14:48:23,2015-06-18T14:48:23.000Z,33.846928333,-84.429805,5.227,243.7,88.05,0.2
188,20150618-144906,Updating,XXXXX,A923EF,35000,34.01651,-84.77154,15.0,2015-06-18 14:49:06,2015-06-18T14:49:06.000Z,33.847378333,-84.42922,9.661,244.1,325.0,0.0
189,20150618-144925,Updating,4370    ,A50549,30000,33.82869,-84.52875,16.0,2015-06-18 14:49:25,2015-06-18T14:49:25.000Z,33.848775,-84.429986667,6.729,247.0,341.69,0.3
190,20150618-144925,Updating,4405    ,A4C8DC,36000,33.7543,-84.46581,16.0,2015-06-18 14:49:25,2015-06-18T14:49:25.000Z,33.848775,-84.429986667,6.729,247.0,341.69,0.3
191,20150618-145007,Updating,XXXXX,A923EF,35000,34.00408,-84.76066999999999,17.0,2015-06-18 14:50:07,2015-06-18T14:50:07.000Z,33.848523333,-84.431465,8.349,244.6,167.15,-0.4
192,20150618-145028,Updating,4370    ,A50549,30000,33.94324,-84.58254000000001,18.0,2015-06-18 14:50:28,2015-06-18T14:50:28.000Z,33.845558333,-84.430291667,22.023,246.1,165.21,0.4
193,20150618-145028,Updating,4405    ,A4C8DC,36000,33.8715,-84.49419,18.0,2015-06-18 14:50:28,2015-06-18T14:50:28.000Z,33.845558333,-84.430291667,22.023,246.1,165.21,0.4
194,20150618-145108,Updating,UAL1112 ,A923EF,35000,33.807959999999994,-84.59124,17.0,2015-06-18 14:51:08,2015-06-18T14:51:08.000Z,33.837166667,-84.429413333,25.686,281.4,159.06,0.1
195,20150618-145135,Updating,4370    ,A50549,30000,34.0626,-84.65149,19.0,2015-06-18 14:51:35,2015-06-18T14:51:35.000Z,33.8309,-84.426303333,28.901,265.4,158.2,-0.9
196,20150618-145135,Updating,4405    ,A4C8DC,36000,33.96524,-84.51693,19.0,2015-06-18 14:51:35,2015-06-18T14:51:35.000Z,33.8309,-84.426303333,28.901,265.4,158.2,-0.9
197,20150618-145210,Updating,UAL1112 ,A923EF,35000,33.700509999999994,-84.49956999999999,22.0,2015-06-18 14:52:10,2015-06-18T14:52:10.000Z,33.822276667,-84.423386667,29.02,251.5,169.95,0.4
198,20150618-145240,Updating,4370    ,A50549,30000,34.06651,-84.65378,23.0,2015-06-18 14:52:40,2015-06-18T14:52:40.000Z,33.814763333,-84.421448333,28.464,261.6,162.19,0.2
199,20150618-145240,Updating,4405    ,A4C8DC,36000,33.96524,-84.51693,23.0,2015-06-18 14:52:40,2015-06-18T14:52:40.000Z,33.814763333,-84.421448333,28.464,261.6,162.19,0.2
200,20150618-145312,Updating,UAL1112 ,A923EF,35000,33.61067,-84.42260999999999,25.0,2015-06-18 14:53:12,2015-06-18T14:53:12.000Z,33.80757,-84.417075,27.188,272.0,138.58,0.1
201,20150618-145345,Updating,4370    ,A50549,30000,34.25826,-84.77034,25.0,2015-06-18 14:53:45,2015-06-18T14:53:45.000Z,33.803125,-84.409108333,26.782,270.7,114.69,-0.4
202,20150618-145345,Updating,4405    ,A4C8DC,36000,33.96524,-84.51693,25.0,2015-06-18 14:53:45,2015-06-18T14:53:45.000Z,33.803125,-84.409108333,26.782,270.7,114.69,-0.4
203,20150618-145413,Updating,UAL1112 ,A923EF,35000,33.48033,-84.31506999999999,24.0,2015-06-18 14:54:13,2015-06-18T14:54:13.000Z,33.801253333,-84.401336667,27.482,261.7,101.51,-1.3
204,20150618-145447,Updating,4370    ,A50549,29600,34.368990000000004,-84.83828000000001,20.0,2015-06-18 14:54:47,2015-06-18T14:54:47.000Z,33.796093333,-84.39474,25.882,259.2,151.35,0.3
205,20150618-145447,Updating,4405    ,A4C8DC,36000,34.382259999999995,-84.61844,20.0,2015-06-18 14:54:47,2015-06-18T14:54:47.000Z,33.796093333,-84.39474,25.882,259.2,151.35,0.3
206,20150618-145514,Updating,UAL1112 ,A923EF,35000,33.386540000000004,-84.27189,24.0,2015-06-18 14:55:14,2015-06-18T14:55:14.000Z,33.791073333,-84.39215,15.577,267.7,165.9,0.3
207,20150618-145548,Updating,4370    ,A50549,28500,34.368990000000004,-84.83828000000001,28.0,2015-06-18 14:55:48,2015-06-18T14:55:48.000Z,33.789053333,-84.391586667,7.526,271.3,174.17,0.0
208,20150618-145548,Updating,4405    ,A4C8DC,36000,34.39165,-84.62074,28.0,2015-06-18 14:55:48,2015-06-18T14:55:48.000Z,33.789053333,-84.391586667,7.526,271.3,174.17,0.0
209,20150618-145621,Updating,UAL1112 ,A923EF,35000,33.386540000000004,-84.27189,30.0,2015-06-18 14:56:21,2015-06-18T14:56:21.000Z,33.786813333,-84.39144,2.536,270.4,165.82,0.1
210,20150618-145649,Updating,4370    ,A50549,28500,34.368990000000004,-84.83828000000001,30.0,2015-06-18 14:56:49,2015-06-18T14:56:49.000Z,33.78508,-84.391428333,9.245,279.4,178.13,0.1
211,20150618-145649,Updating,4405    ,A4C8DC,36000,34.39165,-84.62074,30.0,2015-06-18 14:56:49,2015-06-18T14:56:49.000Z,33.78508,-84.391428333,9.245,279.4,178.13,0.1
212,20150618-145659,Updating,N300FP  ,A31FDD,43000,33.66151,-84.45246,32.0,2015-06-18 14:56:59,2015-06-18T14:56:59.000Z,33.78419,-84.391366667,11.714,283.6,175.77,0.4
213,20150618-145723,Updating,UAL1112 ,A923EF,35000,33.386540000000004,-84.27189,31.0,2015-06-18 14:57:23,2015-06-18T14:57:23.000Z,33.781126667,-84.391225,16.467,283.0,180.55,0.0
214,20150618-145753,Updating,4370    ,A50549,28500,34.368990000000004,-84.83828000000001,32.0,2015-06-18 14:57:53,2015-06-18T14:57:53.000Z,33.776915,-84.391021667,16.22,290.5,171.16,-0.2
215,20150618-145753,Updating,4405    ,A4C8DC,36000,34.39165,-84.62074,32.0,2015-06-18 14:57:53,2015-06-18T14:57:53.000Z,33.776915,-84.391021667,16.22,290.5,171.16,-0.2
216,20150618-145801,Updating,N300FP  ,A31FDD,43000,33.76578,-84.47954,32.0,2015-06-18 14:58:01,2015-06-18T14:58:01.000Z,33.77594,-84.39081,11.071,292.4,170.07,0.5
217,20150618-145908,Updating,N300FP  ,A31FDD,43000,33.84435,-84.5,26.0,2015-06-18 14:59:08,2015-06-18T14:59:08.000Z,33.768441667,-84.390361667,9.682,294.0,157.89,0.0
218,20150618-145908,Updating,4405    ,A4C8DC,36000,34.39165,-84.62074,26.0,2015-06-18 14:59:08,2015-06-18T14:59:08.000Z,33.768441667,-84.390361667,9.682,294.0,157.89,0.0
219,20150618-145908,Updating,XXXXX,A50CB7,7300,33.75563,-84.58099,24.0,2015-06-18 14:59:08,2015-06-18T14:59:08.000Z,33.768441667,-84.390361667,9.682,294.0,157.89,0.0
220,20150618-145915,Updating,AMX405  ,0D075F,38000,33.98383,-84.1157,23.0,2015-06-18 14:59:15,2015-06-18T14:59:15.000Z,33.768018333,-84.390066667,7.748,294.7,145.09,0.1
221,20150618-150010,Updating,N300FP  ,A31FDD,43000,33.94386,-84.52589,27.0,2015-06-18 15:00:10,2015-06-18T15:00:10.000Z,33.765491667,-84.385956667,9.61,302.8,123.67,0.3
222,20150618-150010,Updating,XXXXX,A50CB7,10300,33.887370000000004,-84.57948,27.0,2015-06-18 15:00:10,2015-06-18T15:00:10.000Z,33.765491667,-84.385956667,9.61,302.8,123.67,0.3
223,20150618-150017,Updating,AMX405  ,0D075F,38000,33.88293,-84.29356,27.0,2015-06-18 15:00:17,2015-06-18T15:00:17.000Z,33.765075,-84.385345,11.621,302.3,130.06,-0.8
224,20150618-150112,Updating,N300FP  ,A31FDD,43000,33.94386,-84.52589,27.0,2015-06-18 15:01:12,2015-06-18T15:01:12.000Z,33.756125,-84.378603333,24.724,310.8,177.37,0.3
225,20150618-150112,Updating,XXXXX,A50CB7,11500,33.943940000000005,-84.58168,27.0,2015-06-18 15:01:12,2015-06-18T15:01:12.000Z,33.756125,-84.378603333,24.724,310.8,177.37,0.3
226,20150618-150120,Updating,AMX405  ,0D075F,38000,33.80004,-84.40498000000001,28.0,2015-06-18 15:01:20,2015-06-18T15:01:20.000Z,33.754303333,-84.378718333,25.748,312.3,188.74,0.2
227,20150618-150213,Updating,N300FP  ,A31FDD,43000,33.94386,-84.52589,39.0,2015-06-18 15:02:13,2015-06-18T15:02:13.000Z,33.74625,-84.388718333,23.69,314.1,227.43,-0.4
228,20150618-150213,Updating,XXXXX,A50CB7,11500,33.943940000000005,-84.58168,39.0,2015-06-18 15:02:13,2015-06-18T15:02:13.000Z,33.74625,-84.388718333,23.69,314.1,227.43,-0.4
229,20150618-150222,Updating,AMX405  ,0D075F,38000,33.68422,-84.56274,40.0,2015-06-18 15:02:22,2015-06-18T15:02:22.000Z,33.744888333,-84.390483333,24.642,305.5,226.31,-1.1
230,20150618-150303,Updating,XXXXX,A12622,34000,34.08211,-84.41973,45.0,2015-06-18 15:03:03,2015-06-18T15:03:03.000Z,33.735968333,-84.392181667,26.772,303.4,181.45,-0.4
231,20150618-150303,Updating,525C0081,A66529,41000,33.761720000000004,-84.24014,45.0,2015-06-18 15:03:03,2015-06-18T15:03:03.000Z,33.735968333,-84.392181667,26.772,303.4,181.45,-0.4
232,20150618-150314,Updating,N300FP  ,A31FDD,43000,33.94386,-84.52589,48.0,2015-06-18 15:03:14,2015-06-18T15:03:14.000Z,33.733248333,-84.39225,27.487,298.3,181.12,-0.2
233,20150618-150324,Updating,AMX405  ,0D075F,38000,33.610890000000005,-84.66261,48.0,2015-06-18 15:03:24,2015-06-18T15:03:24.000Z,33.730798333,-84.392493333,27.307,301.8,191.65,0.5
234,20150618-150404,Updating,XXXXX,A12622,34025,34.0957,-84.53559,55.0,2015-06-18 15:04:04,2015-06-18T15:04:04.000Z,33.72164,-84.39529,24.307,324.8,211.85,0.0
235,20150618-150404,Updating,525C0081,A66529,41000,33.697540000000004,-84.22293,55.0,2015-06-18 15:04:04,2015-06-18T15:04:04.000Z,33.72164,-84.39529,24.307,324.8,211.85,0.0
236,20150618-150404,Updating,1149    ,ACE9ED,3375,33.62021,-84.24191,55.0,2015-06-18 15:04:04,2015-06-18T15:04:04.000Z,33.72164,-84.39529,24.307,324.8,211.85,0.0
237,20150618-150415,Updating,N300FP  ,A31FDD,43000,33.94386,-84.52589,58.0,2015-06-18 15:04:15,2015-06-18T15:04:15.000Z,33.719571667,-84.396848333,25.321,316.2,211.85,-0.9
238,20150618-150426,Updating,AMX405  ,0D075F,38000,33.610890000000005,-84.66261,58.0,2015-06-18 15:04:26,2015-06-18T15:04:26.000Z,33.717308333,-84.398288333,26.437,306.7,201.31,-1.0
239,20150618-150455,Updating,XXXXX,ABDD4A,40000,33.20448,-84.29925,58.0,2015-06-18 15:04:55,2015-06-18T15:04:55.000Z,33.711166667,-84.40177666700001,25.995,303.3,201.55,0.6
240,20150618-150505,Updating,XXXXX,A12622,34000,34.12605,-84.79764,58.0,2015-06-18 15:05:05,2015-06-18T15:05:05.000Z,33.708948333,-84.402646667,25.923000000000002,309.7,197.65,0.5
241,20150618-150505,Updating,525C0081,A66529,37900,33.56282,-84.18689,58.0,2015-06-18 15:05:05,2015-06-18T15:05:05.000Z,33.708948333,-84.402646667,25.923000000000002,309.7,197.65,0.5
242,20150618-150505,Updating,1149    ,ACE9ED,3050,33.62017,-84.2668,58.0,2015-06-18 15:05:05,2015-06-18T15:05:05.000Z,33.708948333,-84.402646667,25.923000000000002,309.7,197.65,0.5
243,20150618-150508,Updating,DAL1790 ,AB2B23,2500,33.6521,-84.48864,59.0,2015-06-18 15:05:08,2015-06-18T15:05:08.000Z,33.70828,-84.402898333,26.067,309.0,197.55,-0.5
244,20150618-150516,Updating,N300FP  ,A31FDD,43000,33.94386,-84.52589,59.0,2015-06-18 15:05:16,2015-06-18T15:05:16.000Z,33.706455,-84.403553333,26.859,303.7,195.34,-1.0
245,20150618-150527,Updating,AMX405  ,0D075F,38000,33.610890000000005,-84.66261,59.0,2015-06-18 15:05:27,2015-06-18T15:05:27.000Z,33.703831667,-84.404101667,27.132,291.1,184.87,-1.1
246,20150618-150556,Updating,390     ,ABDD4A,40000,33.34904,-84.34534000000001,63.0,2015-06-18 15:05:56,2015-06-18T15:05:56.000Z,33.697061667,-84.40497,24.858,305.7,187.55,0.2
247,20150618-150606,Updating,525C0081,A66529,35125,33.42563,-84.15044,65.0,2015-06-18 15:06:06,2015-06-18T15:06:06.000Z,33.694858333,-84.404768333,24.395,299.9,161.54,-0.7000000000000001
248,20150618-150606,Updating,XXXXX,A12622,33975,34.14317,-84.9589,65.0,2015-06-18 15:06:06,2015-06-18T15:06:06.000Z,33.694858333,-84.404768333,24.395,299.9,161.54,-0.7000000000000001
249,20150618-150606,Updating,1149    ,ACE9ED,1650,33.62022,-84.36407,65.0,2015-06-18 15:06:06,2015-06-18T15:06:06.000Z,33.694858333,-84.404768333,24.395,299.9,161.54,-0.7000000000000001
250,20150618-150609,Updating,DAL1790 ,AB2B23,5025,33.6521,-84.48864,64.0,2015-06-18 15:06:09,2015-06-18T15:06:09.000Z,33.694241667,-84.404441667,24.235,297.4,152.11,-0.9
251,20150618-150617,Updating,N300FP  ,A31FDD,43000,33.94386,-84.52589,64.0,2015-06-18 15:06:17,2015-06-18T15:06:17.000Z,33.692686667,-84.403285,26.01,289.5,147.15,-0.9
252,20150618-150628,Updating,AMX405  ,0D075F,38000,33.37875,-84.97409,64.0,2015-06-18 15:06:28,2015-06-18T15:06:28.000Z,33.690448333,-84.401551667,27.631,274.1,147.13,-1.4
253,20150618-150658,Updating,390     ,ABDD4A,40000,33.4818,-84.3878,64.0,2015-06-18 15:06:58,2015-06-18T15:06:58.000Z,33.683623333,-84.398928333,26.653,265.5,180.04,0.3
254,20150618-150708,Updating,525C0081,A66529,33100,33.42563,-84.15044,62.0,2015-06-18 15:07:08,2015-06-18T15:07:08.000Z,33.681241667,-84.39871,25.763,269.6,172.19,0.6
255,20150618-150708,Updating,UPS2763 ,A12622,33975,34.14317,-84.9589,62.0,2015-06-18 15:07:08,2015-06-18T15:07:08.000Z,33.681241667,-84.39871,25.763,269.6,172.19,0.6
256,20150618-150708,Updating,1149    ,ACE9ED,1175,33.620309999999996,-84.39274,62.0,2015-06-18 15:07:08,2015-06-18T15:07:08.000Z,33.681241667,-84.39871,25.763,269.6,172.19,0.6
257,20150618-150711,Updating,DAL1790 ,AB2B23,5250,33.6521,-84.48864,60.0,2015-06-18 15:07:11,2015-06-18T15:07:11.000Z,33.680553333,-84.398601667,25.594,271.1,172.04,0.6
258,20150618-150730,Updating,AMX405  ,0D075F,38000,33.37875,-84.97409,56.0,2015-06-18 15:07:30,2015-06-18T15:07:30.000Z,33.676368333,-84.39792,25.161,289.3,172.44,0.2
259,20150618-150801,Updating,390     ,ABDD4A,40000,33.60915,-84.42853000000001,55.0,2015-06-18 15:08:01,2015-06-18T15:08:01.000Z,33.668765,-84.397825,26.648,289.1,171.94,0.1
260,20150618-150809,Updating,525C0081,A66529,30025,33.171820000000004,-84.08285,56.0,2015-06-18 15:08:09,2015-06-18T15:08:09.000Z,33.66687,-84.397238333,27.425,288.8,161.92,-0.4
261,20150618-150809,Updating,UPS2763 ,A12622,33975,34.14317,-84.9589,56.0,2015-06-18 15:08:09,2015-06-18T15:08:09.000Z,33.66687,-84.397238333,27.425,288.8,161.92,-0.4
262,20150618-150809,Updating,1149    ,ACE9ED,1175,33.620309999999996,-84.39274,56.0,2015-06-18 15:08:09,2015-06-18T15:08:09.000Z,33.66687,-84.397238333,27.425,288.8,161.92,-0.4
263,20150618-150811,Updating,XXXXX,A90BED,24975,33.753170000000004,-84.83288,56.0,2015-06-18 15:08:11,2015-06-18T15:08:11.000Z,33.666393333,-84.397053333,27.795,288.0,162.26,-0.5
264,20150618-150813,Updating,DAL1790 ,AB2B23,5250,33.6521,-84.48864,56.0,2015-06-18 15:08:13,2015-06-18T15:08:13.000Z,33.665913333,-84.396866667,27.903,287.0,162.24,-0.5
265,20150618-150831,Updating,AMX405  ,0D075F,38000,33.37875,-84.97409,56.0,2015-06-18 15:08:31,2015-06-18T15:08:31.000Z,33.661658333,-84.39532,26.664,292.6,168.03,0.8
266,20150618-150902,Updating,390     ,ABDD4A,40000,33.7332,-84.45975,66.0,2015-06-18 15:09:02,2015-06-18T15:09:02.000Z,33.654146667,-84.39566,28.181,300.0,196.05,-0.7000000000000001
267,20150618-150910,Updating,525C0081,A66529,28325,33.128479999999996,-84.07146999999999,69.0,2015-06-18 15:09:10,2015-06-18T15:09:10.000Z,33.652218333,-84.396351667,27.97,295.9,195.86,-0.7000000000000001
268,20150618-150910,Updating,UPS2763 ,A12622,33975,34.14317,-84.9589,68.0,2015-06-18 15:09:10,2015-06-18T15:09:10.000Z,33.652218333,-84.396351667,27.97,295.9,195.86,-0.7000000000000001
269,20150618-150910,Updating,1149    ,ACE9ED,1175,33.620309999999996,-84.39274,68.0,2015-06-18 15:09:10,2015-06-18T15:09:10.000Z,33.652218333,-84.396351667,27.97,295.9,195.86,-0.7000000000000001
270,20150618-150912,Updating,XXXXX,A90BED,24950,33.76918,-84.71451,69.0,2015-06-18 15:09:12,2015-06-18T15:09:12.000Z,33.65173,-84.396518333,27.965,295.6,195.7,-0.2
271,20150618-150946,Updating,2770    ,AA7052,2850,33.63436,-84.48978000000001,71.0,2015-06-18 15:09:46,2015-06-18T15:09:46.000Z,33.643496667,-84.3995,28.228,291.3,197.97,-0.3
272,20150618-151003,Updating,390     ,ABDD4A,40000,33.84032,-84.48548000000001,69.0,2015-06-18 15:10:03,2015-06-18T15:10:03.000Z,33.639373333,-84.400943333,27.754,286.1,195.63,-0.4
273,20150618-151011,Updating,525C0081,A66529,24550,33.128479999999996,-84.07146999999999,70.0,2015-06-18 15:10:11,2015-06-18T15:10:11.000Z,33.637421667,-84.401508333,27.847,285.8,188.14,0.1
274,20150618-151013,Updating,N682PC  ,A90BED,24975,33.77985,-84.63452,70.0,2015-06-18 15:10:13,2015-06-18T15:10:13.000Z,33.636923333,-84.401571667,28.063,285.6,183.58,-0.1
275,20150618-151049,Updating,2770    ,AA7052,4150,33.634409999999995,-84.55124,71.0,2015-06-18 15:10:49,2015-06-18T15:10:49.000Z,33.628483333,-84.400603333,25.223,280.9,176.37,-0.7000000000000001
276,20150618-151106,Updating,390     ,ABDD4A,40000,33.94324,-84.51021,71.0,2015-06-18 15:11:06,2015-06-18T15:11:06.000Z,33.62464,-84.400186667,24.925,276.6,173.78,-0.1
277,20150618-151113,Updating,525C0081,A66529,24550,33.128479999999996,-84.07146999999999,71.0,2015-06-18 15:11:13,2015-06-18T15:11:13.000Z,33.623101667,-84.399976667,24.395,275.8,172.41,0.0
278,20150618-151116,Updating,N682PC  ,A90BED,24975,33.7898,-84.53047,71.0,2015-06-18 15:11:16,2015-06-18T15:11:16.000Z,33.622445,-84.399865,24.729,275.6,171.26,-0.1
279,20150618-151151,Updating,2770    ,AA7052,7425,33.634409999999995,-84.55124,63.0,2015-06-18 15:11:51,2015-06-18T15:11:51.000Z,33.614476667,-84.397718333,27.646,277.7,166.61,0.4
280,20150618-151207,Updating,390     ,ABDD4A,40000,33.99948,-84.52365,65.0,2015-06-18 15:12:07,2015-06-18T15:12:07.000Z,33.610663333,-84.396653333,26.201,283.4,166.63,0.0
281,20150618-151214,Updating,525C0081,A66529,24550,33.128479999999996,-84.07146999999999,65.0,2015-06-18 15:12:14,2015-06-18T15:12:14.000Z,33.609008333,-84.396178333,27.276,280.3,164.73,-0.7000000000000001
282,20150618-151217,Updating,N682PC  ,A90BED,24950,33.78909,-84.48676999999999,64.0,2015-06-18 15:12:17,2015-06-18T15:12:17.000Z,33.608298333,-84.395925,27.374,278.4,162.39,-0.7000000000000001
283,20150618-151254,Updating,2770    ,AA7052,9625,33.58963,-84.68845,50.0,2015-06-18 15:12:54,2015-06-18T15:12:54.000Z,33.599973333,-84.391328333,27.471,271.5,152.5,-0.1
284,20150618-151308,Updating,390     ,ABDD4A,40000,34.22423,-84.57802,47.0,2015-06-18 15:13:08,2015-06-18T15:13:08.000Z,33.596978333,-84.389293333,27.415,269.9,149.22,-0.2
285,20150618-151318,Updating,N682PC  ,A90BED,24975,33.78978,-84.3787,46.0,2015-06-18 15:13:18,2015-06-18T15:13:18.000Z,33.594876667,-84.387788333,27.204,272.5,149.12,0.5
286,20150618-151355,Updating,2770    ,AA7052,12150,33.47452,-84.68828,41.0,2015-06-18 15:13:55,2015-06-18T15:13:55.000Z,33.586958333,-84.382481667,27.173,274.1,133.74,0.1
287,20150618-151409,Updating,390     ,ABDD4A,40000,34.25331,-84.58503,39.0,2015-06-18 15:14:09,2015-06-18T15:14:09.000Z,33.585403333,-84.37885,27.204,282.4,109.84,0.6
288,20150618-151419,Updating,N682PC  ,A90BED,24975,33.80959,-84.25421,40.0,2015-06-18 15:14:19,2015-06-18T15:14:19.000Z,33.584625,-84.376018333,27.657,286.8,109.05,0.1
289,20150618-151440,Updating,DAL1802 ,A79EA8,2675,33.6503,-84.49019,40.0,2015-06-18 15:14:40,2015-06-18T15:14:40.000Z,33.582971667,-84.370118333,27.204,275.7,108.57,-0.7000000000000001
290,20150618-151501,Updating,2770    ,AA7052,14850,33.47452,-84.68828,40.0,2015-06-18 15:15:01,2015-06-18T15:15:01.000Z,33.581495,-84.364213333,27.43,286.5,104.91,0.8
291,20150618-151511,Updating,390     ,ABDD4A,40000,34.25331,-84.58503,38.0,2015-06-18 15:15:11,2015-06-18T15:15:11.000Z,33.580895,-84.361345,27.641,291.6,105.2,0.1
292,20150618-151527,Updating,N682PC  ,A90BED,24950,33.81406,-84.22451,36.0,2015-06-18 15:15:27,2015-06-18T15:15:27.000Z,33.579901667,-84.356701667,27.59,284.5,104.5,-0.6
293,20150618-151546,Updating,DAL1802 ,A79EA8,3000,33.65392,-84.51038,38.0,2015-06-18 15:15:46,2015-06-18T15:15:46.000Z,33.578728333,-84.351296667,27.188,273.8,104.55,-0.5
294,20150618-151602,Updating,2770    ,AA7052,18250,33.25892,-84.60011,38.0,2015-06-18 15:16:02,2015-06-18T15:16:02.000Z,33.577751667,-84.346781667,27.008,274.0,104.66,0.7000000000000001
295,20150618-151612,Updating,390     ,ABDD4A,40000,34.25331,-84.58503,39.0,2015-06-18 15:16:12,2015-06-18T15:16:12.000Z,33.577141667,-84.343928333,27.548000000000002,281.7,104.64,0.6
296,20150618-151629,Updating,N682PC  ,A90BED,24975,33.8345,-84.06178,40.0,2015-06-18 15:16:29,2015-06-18T15:16:29.000Z,33.576061667,-84.339051667,27.075,281.6,107.15,0.0
297,20150618-151648,Updating,DAL1802 ,A79EA8,7175,33.68464,-84.68581999999999,38.0,2015-06-18 15:16:48,2015-06-18T15:16:48.000Z,33.573988333,-84.334033333,27.569,281.5,124.73,-0.7000000000000001
298,20150618-151704,Updating,2770    ,AA7052,20175,33.223079999999996,-84.57853,35.0,2015-06-18 15:17:04,2015-06-18T15:17:04.000Z,33.571555000000004,-84.330335,27.384,271.5,128.67,-0.6
299,20150618-151729,Updating,JBU794  ,AA099E,35000,33.42418,-84.9339,34.0,2015-06-18 15:17:29,2015-06-18T15:17:29.000Z,33.567711667,-84.324608333,27.101,270.5,128.87,0.9
300,20150618-151732,Updating,N682PC  ,A90BED,24975,33.8345,-84.06178,34.0,2015-06-18 15:17:32,2015-06-18T15:17:32.000Z,33.56725,-84.323923333,27.266,272.0,128.86,0.5
301,20150618-151749,Updating,DAL1802 ,A79EA8,8700,33.68515,-84.68914000000001,35.0,2015-06-18 15:17:49,2015-06-18T15:17:49.000Z,33.56464,-84.319978333,27.178,270.7,127.01,-0.2
302,20150618-151805,Updating,2770    ,AA7052,22625,33.05923,-84.48008,38.0,2015-06-18 15:18:05,2015-06-18T15:18:05.000Z,33.562328333,-84.316153333,27.471,277.3,125.32,0.3
303,20150618-151826,Updating,1996    ,AA6FE9,3850,33.65983,-84.53035,37.0,2015-06-18 15:18:26,2015-06-18T15:18:26.000Z,33.559343333,-84.31109,27.765,283.5,125.25,-0.1
304,20150618-151839,Updating,JBU794  ,AA099E,34975,33.464259999999996,-84.80515,36.0,2015-06-18 15:18:39,2015-06-18T15:18:39.000Z,33.557528333,-84.307905,27.188,275.9,120.66,-0.6
305,20150618-151839,Updating,N682PC  ,A90BED,24975,33.883790000000005,-83.94293,36.0,2015-06-18 15:18:39,2015-06-18T15:18:39.000Z,33.557528333,-84.307905,27.188,275.9,120.66,-0.6
306,20150618-151851,Updating,DAL1802 ,A79EA8,9800,33.68515,-84.68914000000001,34.0,2015-06-18 15:18:51,2015-06-18T15:18:51.000Z,33.55626,-84.30471,27.512,269.8,111.28,-0.3
307,20150618-151913,Updating,2770    ,AA7052,24350,33.05923,-84.48008,34.0,2015-06-18 15:19:13,2015-06-18T15:19:13.000Z,33.554291667,-84.298665,27.132,264.2,111.25,0.0
308,20150618-151927,Updating,1996    ,AA6FE9,6900,33.67882,-84.63424,34.0,2015-06-18 15:19:27,2015-06-18T15:19:27.000Z,33.553056667,-84.294838333,27.24,267.7,111.07,0.2
309,20150618-151927,Updating,801     ,A1ED66,37000,33.67479,-84.37769,34.0,2015-06-18 15:19:27,2015-06-18T15:19:27.000Z,33.553056667,-84.294838333,27.24,267.7,111.07,0.2
310,20150618-151940,Updating,JBU794  ,AA099E,34975,33.480509999999995,-84.75271,32.0,2015-06-18 15:19:40,2015-06-18T15:19:40.000Z,33.55177,-84.29132,27.631,271.7,115.44,0.3
311,20150618-151940,Updating,N682PC  ,A90BED,24975,33.883790000000005,-83.94293,32.0,2015-06-18 15:19:40,2015-06-18T15:19:40.000Z,33.55177,-84.29132,27.631,271.7,115.44,0.3
312,20150618-151954,Updating,DAL1802 ,A79EA8,9800,33.68515,-84.68914000000001,30.0,2015-06-18 15:19:54,2015-06-18T15:19:54.000Z,33.550276667,-84.287575,27.338,269.0,115.39,-0.4
313,20150618-152016,Updating,2770    ,AA7052,26575,33.05923,-84.48008,31.0,2015-06-18 15:20:16,2015-06-18T15:20:16.000Z,33.547965,-84.281746667,27.41,276.5,115.11,0.2
314,20150618-152028,Updating,1996    ,AA6FE9,9950,33.69316,-84.72140999999999,31.0,2015-06-18 15:20:28,2015-06-18T15:20:28.000Z,33.546666667,-84.278541667,27.621,272.7,115.96,-0.6
315,20150618-152028,Updating,801     ,A1ED66,37000,33.54145,-84.36064,31.0,2015-06-18 15:20:28,2015-06-18T15:20:28.000Z,33.546666667,-84.278541667,27.621,272.7,115.96,-0.6
316,20150618-152044,Updating,JBU794  ,AA099E,35000,33.480509999999995,-84.75271,31.0,2015-06-18 15:20:44,2015-06-18T15:20:44.000Z,33.544968333,-84.274298333,27.482,263.1,115.29,-0.5
317,20150618-152044,Updating,N682PC  ,A90BED,24975,33.883790000000005,-83.94293,31.0,2015-06-18 15:20:44,2015-06-18T15:20:44.000Z,33.544968333,-84.274298333,27.482,263.1,115.29,-0.5
318,20150618-152054,Updating,DAL1555 ,AB1FFE,4550,33.67017,-84.57802,28.0,2015-06-18 15:20:54,2015-06-18T15:20:54.000Z,33.543905,-84.271635,27.23,255.9,115.41,-0.9
319,20150618-152055,Updating,DAL1802 ,A79EA8,9800,33.68515,-84.68914000000001,27.0,2015-06-18 15:20:55,2015-06-18T15:20:55.000Z,33.543798333,-84.27137,27.209,255.2,115.31,-0.7000000000000001
320,20150618-152117,Updating,2770    ,AA7052,26575,33.05923,-84.48008,24.0,2015-06-18 15:21:17,2015-06-18T15:21:17.000Z,33.540011667,-84.26695,27.389,244.0,146.27,-0.2
321,20150618-152131,Updating,1996    ,AA6FE9,10575,33.6973,-84.75992,23.0,2015-06-18 15:21:31,2015-06-18T15:21:31.000Z,33.537151667,-84.264623333,27.538,242.3,142.63,-0.1
322,20150618-152131,Updating,801     ,A1ED66,37000,33.41158,-84.34374,23.0,2015-06-18 15:21:31,2015-06-18T15:21:31.000Z,33.537151667,-84.264623333,27.538,242.3,142.63,-0.1
323,20150618-152147,Updating,JBU794  ,AA099E,35000,33.61404,-84.31906,22.0,2015-06-18 15:21:47,2015-06-18T15:21:47.000Z,33.534113333,-84.261631667,27.507,241.0,140.29,-0.1
324,20150618-152156,Updating,DAL1555 ,AB1FFE,5000,33.67017,-84.57802,21.0,2015-06-18 15:21:56,2015-06-18T15:21:56.000Z,33.5324,-84.259938333,27.08,240.2,140.46,-0.1
325,20150618-152218,Updating,2770    ,AA7052,26575,33.05923,-84.48008,25.0,2015-06-18 15:22:18,2015-06-18T15:22:18.000Z,33.52825,-84.255801667,27.214,247.1,139.73,0.5
326,20150618-152233,Updating,1996    ,AA6FE9,10575,33.6973,-84.75992,25.0,2015-06-18 15:22:33,2015-06-18T15:22:33.000Z,33.525485,-84.253053333,25.707,253.3,140.64,0.7000000000000001
327,20150618-152233,Updating,801     ,A1ED66,37000,33.29485,-84.32869000000001,25.0,2015-06-18 15:22:33,2015-06-18T15:22:33.000Z,33.525485,-84.253053333,25.707,253.3,140.64,0.7000000000000001
328,20150618-152251,Updating,JBU794  ,AA099E,35000,33.657920000000004,-84.17501,25.0,2015-06-18 15:22:51,2015-06-18T15:22:51.000Z,33.522053333,-84.249693333,28.063,254.1,140.3,-0.5
329,20150618-152258,Updating,DAL1555 ,AB1FFE,5000,33.67017,-84.57802,25.0,2015-06-18 15:22:58,2015-06-18T15:22:58.000Z,33.520658333,-84.248315,29.452,248.5,140.29,-0.9
330,20150618-152315,Updating,XXXXX,AB1890,11800,33.51375,-84.61219,26.0,2015-06-18 15:23:15,2015-06-18T15:23:15.000Z,33.517321667,-84.245011667,26.355,235.9,140.51,-0.9
331,20150618-152337,Updating,1996    ,AA6FE9,10575,33.6973,-84.75992,27.0,2015-06-18 15:23:37,2015-06-18T15:23:37.000Z,33.51345,-84.240656667,28.089,226.6,133.29,0.1
332,20150618-152337,Updating,801     ,A1ED66,37000,33.21614,-84.31833,27.0,2015-06-18 15:23:37,2015-06-18T15:23:37.000Z,33.51345,-84.240656667,28.089,226.6,133.29,0.1
333,20150618-152353,Updating,JBU794  ,AA099E,35000,33.69688,-84.04673000000001,27.0,2015-06-18 15:23:53,2015-06-18T15:23:53.000Z,33.51076,-84.237175,25.825,238.0,132.71,0.7000000000000001
334,20150618-152405,Updating,DAL95   ,A34721,,33.73264,-84.48326,25.0,2015-06-18 15:24:05,2015-06-18T15:24:05.000Z,33.508931667,-84.234825,24.801,246.7,132.51,0.7000000000000001
335,20150618-152418,Updating,DAL331  ,AB1890,10750,33.53702,-84.53021,25.0,2015-06-18 15:24:18,2015-06-18T15:24:18.000Z,33.50685,-84.232388333,25.655,249.9,139.34,-0.3
336,20150618-152442,Updating,801     ,A1ED66,37000,33.21614,-84.31833,26.0,2015-06-18 15:24:42,2015-06-18T15:24:42.000Z,33.50201,-84.227756667,30.254,228.0,141.1,-0.7000000000000001
337,20150618-152458,Updating,JBU794  ,AA099E,35000,33.721140000000005,-83.96667,26.0,2015-06-18 15:24:58,2015-06-18T15:24:58.000Z,33.498775,-84.22471,27.739,233.9,141.71,0.9
338,20150618-152506,Updating,DAL95   ,A34721,8450,33.73288,-84.39748,27.0,2015-06-18 15:25:06,2015-06-18T15:25:06.000Z,33.49719,-84.22323,28.228,239.7,142.5,0.7000000000000001
339,20150618-152520,Updating,DAL331  ,AB1890,9075,33.53693,-84.43968000000001,26.0,2015-06-18 15:25:20,2015-06-18T15:25:20.000Z,33.494101667,-84.221006667,28.752,250.9,155.23,0.9
340,20150618-152548,Updating,XXXXX,4D0104,38000,33.80727,-83.90903,29.0,2015-06-18 15:25:48,2015-06-18T15:25:48.000Z,33.486945,-84.21869,29.21,264.9,166.94,0.3
341,20150618-152600,Updating,JBU794  ,AA099E,34950,33.721140000000005,-83.96667,30.0,2015-06-18 15:26:00,2015-06-18T15:26:00.000Z,33.484125,-84.21792,24.41,269.1,167.18,0.2
342,20150618-152608,Updating,DAL95   ,A34721,6375,33.733059999999995,-84.31295,31.0,2015-06-18 15:26:08,2015-06-18T15:26:08.000Z,33.48235,-84.217436667,26.206,270.3,166.86,0.0
343,20150618-152622,Updating,DAL331  ,AB1890,7250,33.53673,-84.35396,33.0,2015-06-18 15:26:22,2015-06-18T15:26:22.000Z,33.47895,-84.216508333,28.66,265.3,167.15,-0.6
344,20150618-152647,Updating,801     ,A1ED66,37000,32.76468,-84.26026,33.0,2015-06-18 15:26:47,2015-06-18T15:26:47.000Z,33.472508333,-84.214408333,29.488,250.5,161.11,-0.6
345,20150618-152654,Updating,XXXXX,4D0104,38000,33.80727,-83.90903,33.0,2015-06-18 15:26:54,2015-06-18T15:26:54.000Z,33.470763333,-84.213686667,29.195,245.7,160.98,-0.4
346,20150618-152703,Updating,JBU794  ,AA099E,34975,33.721140000000005,-83.96667,33.0,2015-06-18 15:27:03,2015-06-18T15:27:03.000Z,33.468515,-84.212766667,29.339,248.1,161.02,0.7000000000000001
347,20150618-152707,Updating,AAL1577 ,AC1190,39000,33.58586,-84.72548,33.0,2015-06-18 15:27:07,2015-06-18T15:27:07.000Z,33.467530000000004,-84.212361667,28.202,251.3,160.97,0.6
348,20150618-152710,Updating,DAL95   ,A34721,5075,33.73301,-84.23252,34.0,2015-06-18 15:27:10,2015-06-18T15:27:10.000Z,33.466823333,-84.212071667,27.271,253.8,160.77,0.9
349,20150618-152724,Updating,DAL331  ,AB1890,6400,33.53688,-84.27696,35.0,2015-06-18 15:27:24,2015-06-18T15:27:24.000Z,33.463526667,-84.21071,28.423,259.0,160.95,-0.3
350,20150618-152750,Updating,801     ,A1ED66,37000,32.76468,-84.26026,34.0,2015-06-18 15:27:50,2015-06-18T15:27:50.000Z,33.457233333,-84.207941667,28.454,248.2,153.63,-0.5
351,20150618-152756,Updating,CLX778  ,4D0104,38025,33.5918,-84.24619,35.0,2015-06-18 15:27:56,2015-06-18T15:27:56.000Z,33.455896667,-84.207056667,28.202,245.9,148.34,-0.2
352,20150618-152805,Updating,JBU794  ,AA099E,34975,33.721140000000005,-83.96667,34.0,2015-06-18 15:28:05,2015-06-18T15:28:05.000Z,33.45405,-84.205545,27.147,246.7,144.94,0.3
353,20150618-152810,Updating,AAL1577 ,AC1190,39000,33.60287,-84.51608,34.0,2015-06-18 15:28:10,2015-06-18T15:28:10.000Z,33.453013333,-84.204678333,28.341,248.1,145.12,0.2
354,20150618-152814,Updating,DAL95   ,A34721,4900,33.733059999999995,-84.21463,34.0,2015-06-18 15:28:14,2015-06-18T15:28:14.000Z,33.45217,-84.203976667,28.464,249.1,145.08,0.2
355,20150618-152827,Updating,DAL331  ,AB1890,4975,33.5614,-84.22612,34.0,2015-06-18 15:28:27,2015-06-18T15:28:27.000Z,33.449488333,-84.20174,27.147,248.2,144.77,-0.1
356,20150618-152852,Updating,801     ,A1ED66,37000,32.76468,-84.26026,29.0,2015-06-18 15:28:52,2015-06-18T15:28:52.000Z,33.444351667,-84.19744,27.909,245.0,144.96,0.3
357,20150618-152857,Updating,CLX778  ,4D0104,38025,33.51072,-84.37231,29.0,2015-06-18 15:28:57,2015-06-18T15:28:57.000Z,33.443315,-84.196568333,28.058,246.7,145.15,0.4
358,20150618-152906,Updating,JBU794  ,AA099E,34975,33.721140000000005,-83.96667,28.0,2015-06-18 15:29:06,2015-06-18T15:29:06.000Z,33.441788333,-84.195298333,16.91,248.3,145.06,0.0
359,20150618-152911,Updating,AAL1577 ,AC1190,39000,33.60287,-84.51608,28.0,2015-06-18 15:29:11,2015-06-18T15:29:11.000Z,33.44122,-84.194828333,14.816,248.1,145.18,-0.1
360,20150618-152918,Updating,DAL95   ,A34721,4900,33.733059999999995,-84.21463,28.0,2015-06-18 15:29:18,2015-06-18T15:29:18.000Z,33.4405,-84.194226667,14.111,247.6,144.63,-0.1
361,20150618-152933,Updating,DAL331  ,AB1890,4100,33.59163,-84.22754,27.0,2015-06-18 15:29:33,2015-06-18T15:29:33.000Z,33.438826667,-84.19282,17.589,247.0,144.94,-0.1
362,20150618-152958,Updating,CLX778  ,4D0104,38000,33.44518,-84.47388000000001,26.0,2015-06-18 15:29:58,2015-06-18T15:29:58.000Z,33.43507,-84.18968,23.747,253.4,145.07,0.9
363,20150618-153007,Updating,JBU794  ,AA099E,34975,33.721140000000005,-83.96667,26.0,2015-06-18 15:30:07,2015-06-18T15:30:07.000Z,33.433481667,-84.188346667,24.05,260.3,144.83,0.7000000000000001
364,20150618-153013,Updating,AAL1577 ,AC1190,38975,33.61505,-84.2185,27.0,2015-06-18 15:30:13,2015-06-18T15:30:13.000Z,33.43245,-84.187446667,22.862,264.5,142.27,0.8
365,20150618-153022,Updating,DAL95   ,A34721,2900,33.65382,-84.26886,26.0,2015-06-18 15:30:22,2015-06-18T15:30:22.000Z,33.431066667,-84.186113333,21.699,268.6,139.59,0.4
366,20150618-153039,Updating,DAL331  ,AB1890,2600,33.620259999999995,-84.2878,26.0,2015-06-18 15:30:39,2015-06-18T15:30:39.000Z,33.42849,-84.183168333,24.879,267.6,133.5,-0.4
367,20150618-153039,Updating,XXXXX,A3323F,11750,33.464729999999996,-84.67113,26.0,2015-06-18 15:30:39,2015-06-18T15:30:39.000Z,33.42849,-84.183168333,24.879,267.6,133.5,-0.4
368,20150618-153103,Updating,CLX778  ,4D0104,38000,33.33275,-84.64747,24.0,2015-06-18 15:31:03,2015-06-18T15:31:03.000Z,33.424566667,-84.178205,26.844,258.0,132.92,-0.3
369,20150618-153108,Updating,N276GE  ,A2BD61,3800,33.30849,-84.22394,25.0,2015-06-18 15:31:08,2015-06-18T15:31:08.000Z,33.42373,-84.177153333,27.178,257.1,133.76,-0.1
370,20150618-153119,Updating,AAL1577 ,AC1190,37475,33.620490000000004,-84.09594,25.0,2015-06-18 15:31:19,2015-06-18T15:31:19.000Z,33.421885,-84.17483,26.581,255.9,133.67,0.2
371,20150618-153123,Updating,DAL95   ,A34721,2725,33.65382,-84.26886,26.0,2015-06-18 15:31:23,2015-06-18T15:31:23.000Z,33.421218333,-84.173991667,27.07,257.4,133.17,0.5
372,20150618-153127,Updating,4275 T10,A51F4A,9650,33.30011,-83.92994,28.0,2015-06-18 15:31:27,2015-06-18T15:31:27.000Z,33.420545,-84.17314,27.173,259.8,133.3,0.6
373,20150618-153141,Updating,DAL331  ,AB1890,1650,33.620259999999995,-84.2878,31.0,2015-06-18 15:31:41,2015-06-18T15:31:41.000Z,33.418205,-84.170188333,26.869,267.4,133.23,0.4
374,20150618-153141,Updating,DAL364  ,A3323F,10800,33.53707,-84.49518,31.0,2015-06-18 15:31:41,2015-06-18T15:31:41.000Z,33.418205,-84.170188333,26.869,267.4,133.23,0.4
375,20150618-153204,Updating,CLX778  ,4D0104,38000,33.32172,-84.66449,34.0,2015-06-18 15:32:04,2015-06-18T15:32:04.000Z,33.414408333,-84.165403333,26.453,275.1,133.3,0.5
376,20150618-153210,Updating,N276GE  ,A2BD61,4300,33.337140000000005,-84.27387,36.0,2015-06-18 15:32:10,2015-06-18T15:32:10.000Z,33.413418333,-84.164155,26.669,279.5,133.44,0.9
377,20150618-153223,Updating,AAL1577 ,AC1190,35900,33.62943,-83.90305,38.0,2015-06-18 15:32:23,2015-06-18T15:32:23.000Z,33.411281667,-84.161453333,26.509,287.0,133.18,0.2
378,20150618-153223,Updating,XXXXX,A7B13B,14100,33.039190000000005,-83.61291,38.0,2015-06-18 15:32:23,2015-06-18T15:32:23.000Z,33.411281667,-84.161453333,26.509,287.0,133.18,0.2
379,20150618-153228,Updating,4275 T10,A51F4A,8075,33.35147,-84.00564,39.0,2015-06-18 15:32:28,2015-06-18T15:32:28.000Z,33.410448333,-84.160408333,26.936,286.7,133.08,-0.2
380,20150618-153246,Updating,DAL331  ,AB1890,1150,33.62021,-84.39256999999999,40.0,2015-06-18 15:32:46,2015-06-18T15:32:46.000Z,33.407276667,-84.156456667,28.583,277.5,135.74,0.1
381,20150618-153246,Updating,DAL364  ,A3323F,8600,33.53688,-84.43245,40.0,2015-06-18 15:32:46,2015-06-18T15:32:46.000Z,33.407276667,-84.156456667,28.583,277.5,135.74,0.1
382,20150618-153310,Updating,CLX778  ,4D0104,38025,33.32172,-84.66449,41.0,2015-06-18 15:33:10,2015-06-18T15:33:10.000Z,33.402098333,-84.152493333,28.346,271.3,155.78,-0.6
383,20150618-153318,Updating,N276GE  ,A2BD61,4300,33.35882,-84.31065,41.0,2015-06-18 15:33:18,2015-06-18T15:33:18.000Z,33.400216667,-84.15149,28.552,267.1,155.27,-0.6
384,20150618-153341,Updating,AAL1577 ,AC1190,34975,33.64516,-83.7414,40.0,2015-06-18 15:33:41,2015-06-18T15:33:41.000Z,33.39484,-84.148623333,28.629,265.0,155.88,0.4
385,20150618-153341,Updating,XXXXX,A7B13B,12250,33.1168,-83.69458,39.0,2015-06-18 15:33:41,2015-06-18T15:33:41.000Z,33.39484,-84.148623333,28.629,265.0,155.88,0.4
386,20150618-153341,Updating,4275 T10,A51F4A,6575,33.41352,-84.05145999999999,39.0,2015-06-18 15:33:41,2015-06-18T15:33:41.000Z,33.39484,-84.148623333,28.629,265.0,155.88,0.4
387,20150618-153356,Updating,DAL331  ,AB1890,1150,33.62021,-84.39256999999999,38.0,2015-06-18 15:33:56,2015-06-18T15:33:56.000Z,33.39134,-84.146686667,28.366,269.8,154.21,0.3
388,20150618-153356,Updating,DAL364  ,A3323F,7575,33.53688,-84.43245,38.0,2015-06-18 15:33:56,2015-06-18T15:33:56.000Z,33.39134,-84.146686667,28.366,269.8,154.21,0.3
389,20150618-153412,Updating,CLX778  ,4D0104,38025,33.32172,-84.66449,37.0,2015-06-18 15:34:12,2015-06-18T15:34:12.000Z,33.387628333,-84.144538333,28.402,265.7,154.08,-0.6
390,20150618-153422,Updating,N276GE  ,A2BD61,4300,33.35882,-84.31065,37.0,2015-06-18 15:34:22,2015-06-18T15:34:22.000Z,33.385328333,-84.143208333,28.258,260.6,153.94,-0.4
391,20150618-153450,Updating,XXXXX,AA7E3A,38000,33.05069,-84.03185,36.0,2015-06-18 15:34:50,2015-06-18T15:34:50.000Z,33.378865,-84.13947,28.624,263.0,154.37,0.5
392,20150618-153450,Updating,AAL1577 ,AC1190,34975,33.64516,-83.7414,36.0,2015-06-18 15:34:50,2015-06-18T15:34:50.000Z,33.378865,-84.13947,28.624,263.0,154.37,0.5
393,20150618-153450,Updating,XXXXX,A7B13B,12250,33.1168,-83.69458,36.0,2015-06-18 15:34:50,2015-06-18T15:34:50.000Z,33.378865,-84.13947,28.624,263.0,154.37,0.5
394,20150618-153450,Updating,4275 T10,A51F4A,4400,33.494009999999996,-84.11503,36.0,2015-06-18 15:34:50,2015-06-18T15:34:50.000Z,33.378865,-84.13947,28.624,263.0,154.37,0.5
395,20150618-153505,Updating,DAL331  ,AB1890,1150,33.62021,-84.39256999999999,34.0,2015-06-18 15:35:05,2015-06-18T15:35:05.000Z,33.37534,-84.137546667,28.541,261.9,156.4,-0.3
396,20150618-153516,Updating,CLX778  ,4D0104,38025,33.32172,-84.66449,30.0,2015-06-18 15:35:16,2015-06-18T15:35:16.000Z,33.372748333,-84.13618,28.639,255.4,156.39,-0.7000000000000001
397,20150618-153530,Updating,N276GE  ,A2BD61,4300,33.35882,-84.31065,30.0,2015-06-18 15:35:30,2015-06-18T15:35:30.000Z,33.369453333,-84.134453333,28.145,246.3,155.7,-0.2
398,20150618-153554,Updating,3739    ,AA7E3A,38000,33.17825,-84.06855999999999,20.0,2015-06-18 15:35:54,2015-06-18T15:35:54.000Z,33.363888333,-84.131411667,28.644,261.8,153.14,0.2
399,20150618-153554,Updating,AAL1577 ,AC1190,34975,33.64516,-83.7414,20.0,2015-06-18 15:35:54,2015-06-18T15:35:54.000Z,33.363888333,-84.131411667,28.644,261.8,153.14,0.2
400,20150618-153554,Updating,XXXXX,A7B13B,10550,33.1168,-83.69458,20.0,2015-06-18 15:35:54,2015-06-18T15:35:54.000Z,33.363888333,-84.131411667,28.644,261.8,153.14,0.2
401,20150618-153554,Updating,4275 T10,A51F4A,4025,33.50202,-84.12142,20.0,2015-06-18 15:35:54,2015-06-18T15:35:54.000Z,33.363888333,-84.131411667,28.644,261.8,153.14,0.2
402,20150618-153607,Updating,XXXXX,A51B93,32000,32.96387,-83.87434,20.0,2015-06-18 15:36:07,2015-06-18T15:36:07.000Z,33.360918333,-84.129616667,28.423,268.4,153.02,0.3
403,20150618-153631,Updating,N276GE  ,A2BD61,4300,33.35882,-84.31065,21.0,2015-06-18 15:36:31,2015-06-18T15:36:31.000Z,33.355411667,-84.126288333,28.13,257.1,153.65,-0.2
404,20150618-153658,Updating,3739    ,AA7E3A,38000,33.31185,-84.10701,24.0,2015-06-18 15:36:58,2015-06-18T15:36:58.000Z,33.348708333,-84.124281667,28.49,244.7,174.66,-1.0
405,20150618-153658,Updating,DAL2118 ,A7B13B,7875,33.3707,-84.0147,24.0,2015-06-18 15:36:58,2015-06-18T15:36:58.000Z,33.348708333,-84.124281667,28.49,244.7,174.66,-1.0
406,20150618-153709,Updating,4313    ,A51B93,32000,33.07043,-83.96335,25.0,2015-06-18 15:37:09,2015-06-18T15:37:09.000Z,33.34589,-84.12397,28.289,235.2,174.38,-0.7000000000000001
407,20150618-153730,Updating,AAL2196 ,AD3997,38000,32.971270000000004,-84.18734,26.0,2015-06-18 15:37:30,2015-06-18T15:37:30.000Z,33.34054,-84.123368333,28.361,228.8,174.36,0.2
408,20150618-153802,Updating,3739    ,AA7E3A,38000,33.44014,-84.14423000000001,26.0,2015-06-18 15:38:02,2015-06-18T15:38:02.000Z,33.332321667,-84.12244,28.536,230.0,174.58,-0.8
409,20150618-153802,Updating,DAL2118 ,A7B13B,6100,33.43991,-84.06843,26.0,2015-06-18 15:38:02,2015-06-18T15:38:02.000Z,33.332321667,-84.12244,28.536,230.0,174.58,-0.8
410,20150618-153813,Updating,4313    ,A51B93,32000,33.184670000000004,-84.05937,26.0,2015-06-18 15:38:13,2015-06-18T15:38:13.000Z,33.329505,-84.122133333,28.464,220.8,174.4,-0.8
411,20150618-153832,Updating,AAL2196 ,AD3997,38000,33.02802,-84.20864,26.0,2015-06-18 15:38:32,2015-06-18T15:38:32.000Z,33.32469,-84.121526667,28.258,224.3,171.71,0.6
412,20150618-153907,Updating,3739    ,AA7E3A,38000,33.47891,-84.15549,30.0,2015-06-18 15:39:07,2015-06-18T15:39:07.000Z,33.31603,-84.118596667,28.325,218.1,159.64,-0.2
413,20150618-153907,Updating,DAL2118 ,A7B13B,4825,33.48253,-84.10117,29.0,2015-06-18 15:39:07,2015-06-18T15:39:07.000Z,33.31603,-84.118596667,28.325,218.1,159.64,-0.2
414,20150618-153915,Updating,4313    ,A51B93,32000,33.29588,-84.15303,29.0,2015-06-18 15:39:15,2015-06-18T15:39:15.000Z,33.314128333,-84.117746667,28.156,221.3,159.59,0.6
415,20150618-153933,Updating,AAL2196 ,AD3997,38000,33.2038,-84.27433,28.0,2015-06-18 15:39:33,2015-06-18T15:39:33.000Z,33.309773333,-84.115851667,28.639,233.1,161.77,0.2
416,20150618-153951,Updating,CMP236  ,0C2052,35000,33.34793,-83.89026,27.0,2015-06-18 15:39:51,2015-06-18T15:39:51.000Z,33.305293333,-84.11428,28.541,223.0,165.73,-0.8
417,20150618-154008,Updating,3739    ,AA7E3A,38000,33.47891,-84.15549,26.0,2015-06-18 15:40:08,2015-06-18T15:40:08.000Z,33.301043333,-84.11311,28.469,212.0,167.23,-0.6
418,20150618-154008,Updating,DAL2118 ,A7B13B,4825,33.48253,-84.10117,26.0,2015-06-18 15:40:08,2015-06-18T15:40:08.000Z,33.301043333,-84.11311,28.469,212.0,167.23,-0.6
419,20150618-154016,Updating,4313    ,A51B93,32000,33.4054,-84.24569,26.0,2015-06-18 15:40:16,2015-06-18T15:40:16.000Z,33.299036667,-84.112566667,28.366,208.2,167.14,-0.2
420,20150618-154035,Updating,AAL2196 ,AD3997,37975,33.31512,-84.31639,25.0,2015-06-18 15:40:35,2015-06-18T15:40:35.000Z,33.294318333,-84.111293333,28.351,217.1,167.07,0.5
421,20150618-154052,Updating,CMP236  ,0C2052,35000,33.27796,-83.86688000000001,23.0,2015-06-18 15:40:52,2015-06-18T15:40:52.000Z,33.290041667,-84.110136667,28.397,216.5,167.11,0.1
422,20150618-154120,Updating,DAL2118 ,A7B13B,4825,33.48253,-84.10117,22.0,2015-06-18 15:41:20,2015-06-18T15:41:20.000Z,33.283036667,-84.108243333,28.809,227.7,166.99,0.2
423,20150618-154120,Updating,4313    ,A51B93,32000,33.4438,-84.2781,22.0,2015-06-18 15:41:20,2015-06-18T15:41:20.000Z,33.283036667,-84.108243333,28.809,227.7,166.99,0.2
424,20150618-154139,Updating,AAL2196 ,AD3997,38000,33.346340000000005,-84.32814,23.0,2015-06-18 15:41:39,2015-06-18T15:41:39.000Z,33.278345,-84.10655,28.356,217.1,158.57,-0.5
425,20150618-154154,Updating,CMP236  ,0C2052,35000,33.07164,-83.79822,25.0,2015-06-18 15:41:54,2015-06-18T15:41:54.000Z,33.274885,-84.104651667,28.109,220.4,152.09,0.8
426,20150618-154222,Updating,3739    ,AA7E3A,38000,33.89493,-84.27656999999999,24.0,2015-06-18 15:42:22,2015-06-18T15:42:22.000Z,33.26863,-84.1004,28.732,229.7,150.38,-0.4
427,20150618-154222,Updating,4313    ,A51B93,32000,33.58958,-84.40184,24.0,2015-06-18 15:42:22,2015-06-18T15:42:22.000Z,33.26863,-84.1004,28.732,229.7,150.38,-0.4
428,20150618-154240,Updating,AAL2196 ,AD3997,37975,33.54159,-84.40184,23.0,2015-06-18 15:42:40,2015-06-18T15:42:40.000Z,33.26462,-84.097648333,28.032,219.7,150.15,0.2
429,20150618-154256,Updating,CMP236  ,0C2052,35000,33.01936,-83.78095,24.0,2015-06-18 15:42:56,2015-06-18T15:42:56.000Z,33.261075,-84.095231667,28.459,229.2,150.43,0.7000000000000001
430,20150618-154326,Updating,3739    ,AA7E3A,38000,33.89493,-84.27656999999999,27.0,2015-06-18 15:43:26,2015-06-18T15:43:26.000Z,33.25436,-84.090663333,28.264,228.0,150.28,-0.5
431,20150618-154326,Updating,4313    ,A51B93,32000,33.76466,-84.46804,26.0,2015-06-18 15:43:26,2015-06-18T15:43:26.000Z,33.25436,-84.090663333,28.264,228.0,150.28,-0.5
432,20150618-154341,Updating,AAL2196 ,AD3997,37975,33.66718,-84.44429000000001,26.0,2015-06-18 15:43:41,2015-06-18T15:43:41.000Z,33.251003333,-84.088376667,28.33,217.8,150.23,-0.9
433,20150618-154402,Updating,CMP236  ,0C2052,35000,32.82674,-83.7173,25.0,2015-06-18 15:44:02,2015-06-18T15:44:02.000Z,33.246285,-84.08533,28.12,212.5,155.88,0.8
434,20150618-154433,Updating,3739    ,AA7E3A,38000,33.89493,-84.27656999999999,23.0,2015-06-18 15:44:33,2015-06-18T15:44:33.000Z,33.238698333,-84.082311667,28.624,198.7,162.0,-0.6
435,20150618-154433,Updating,4313    ,A51B93,32000,33.7771,-84.47113,23.0,2015-06-18 15:44:33,2015-06-18T15:44:33.000Z,33.238698333,-84.082311667,28.624,198.7,162.0,-0.6
436,20150618-154448,Updating,AAL2196 ,AD3997,38000,33.68138,-84.44773,24.0,2015-06-18 15:44:48,2015-06-18T15:44:48.000Z,33.235065,-84.080918333,28.104,200.8,161.94,0.9
437,20150618-154513,Updating,CMP236  ,0C2052,35000,32.735490000000006,-83.68723,24.0,2015-06-18 15:45:13,2015-06-18T15:45:13.000Z,33.229075,-84.078195,28.804,218.5,150.77,0.0
438,20150618-154536,Updating,3739    ,AA7E3A,38000,33.89493,-84.27656999999999,25.0,2015-06-18 15:45:36,2015-06-18T15:45:36.000Z,33.224153333,-84.074286667,28.644,211.8,146.05,-0.3
439,20150618-154536,Updating,4313    ,A51B93,32000,33.7771,-84.47113,25.0,2015-06-18 15:45:36,2015-06-18T15:45:36.000Z,33.224153333,-84.074286667,28.644,211.8,146.05,-0.3
440,20150618-154555,Updating,AAL2196 ,AD3997,38000,33.68138,-84.44773,25.0,2015-06-18 15:45:55,2015-06-18T15:45:55.000Z,33.220118333,-84.071035,28.511,213.5,146.14,0.3
441,20150618-154618,Updating,CMP236  ,0C2052,35000,32.5584,-83.62899,22.0,2015-06-18 15:46:18,2015-06-18T15:46:18.000Z,33.215208333,-84.067078333,28.351,219.2,145.6,0.2
442,20150618-154638,Updating,3739    ,AA7E3A,38000,33.89493,-84.27656999999999,23.0,2015-06-18 15:46:38,2015-06-18T15:46:38.000Z,33.210988333,-84.063725,23.783,223.2,146.73,0.1
443,20150618-154638,Updating,4313    ,A51B93,32000,33.7771,-84.47113,23.0,2015-06-18 15:46:38,2015-06-18T15:46:38.000Z,33.210988333,-84.063725,23.783,223.2,146.73,0.1
444,20150618-154701,Updating,AAL2196 ,AD3997,37975,33.68138,-84.44773,22.0,2015-06-18 15:47:01,2015-06-18T15:47:01.000Z,33.207185,-84.062526667,16.977,216.4,158.49,-0.1
445,20150618-154719,Updating,CMP236  ,0C2052,35000,32.5584,-83.62899,21.0,2015-06-18 15:47:19,2015-06-18T15:47:19.000Z,33.206405,-84.061993333,0.005,215.8,146.09,0.0
446,20150618-154806,Updating,AAL2196 ,AD3997,38000,33.68138,-84.44773,19.0,2015-06-18 15:48:06,2015-06-18T15:48:06.000Z,33.20622,-84.061818333,4.939,216.7,130.81,0.3
447,20150618-154824,Updating,CMP236  ,0C2052,35000,32.5584,-83.62899,22.0,2015-06-18 15:48:24,2015-06-18T15:48:24.000Z,33.206778333,-84.061153333,7.398,220.6,27.28,0.2
448,20150618-154824,Updating,AAL1463 ,AAF1F2,37000,34.26402,-84.62656,22.0,2015-06-18 15:48:24,2015-06-18T15:48:24.000Z,33.206778333,-84.061153333,7.398,220.6,27.28,0.2
449,20150618-154907,Updating,AAL2196 ,AD3997,38000,33.68138,-84.44773,28.0,2015-06-18 15:49:07,2015-06-18T15:49:07.000Z,33.209171667,-84.058958333,5.71,210.7,150.0,0.1
450,20150618-154925,Updating,CMP236  ,0C2052,35000,32.5584,-83.62899,30.0,2015-06-18 15:49:25,2015-06-18T15:49:25.000Z,33.208365,-84.059705,6.739,211.8,177.71,0.0
451,20150618-154925,Updating,AAL1427 ,A05671,11250,33.536640000000006,-84.51886999999999,30.0,2015-06-18 15:49:25,2015-06-18T15:49:25.000Z,33.208365,-84.059705,6.739,211.8,177.71,0.0
452,20150618-155011,Updating,AAL2196 ,AD3997,38000,33.68138,-84.44773,28.0,2015-06-18 15:50:11,2015-06-18T15:50:11.000Z,33.208465,-84.059235,6.06,211.4,31.28,-0.4
453,20150618-155030,Updating,AAL1427 ,A05671,10175,33.536640000000006,-84.51886999999999,28.0,2015-06-18 15:50:30,2015-06-18T15:50:30.000Z,33.208758333,-84.058205,4.846,210.9,130.82,0.0
454,20150618-155133,Updating,AAL1463 ,AAF1F2,37000,33.81364,-84.59599,29.0,2015-06-18 15:51:33,2015-06-18T15:51:33.000Z,33.20822,-84.058363333,0.0,210.7,183.67,0.0
